"id";"Nome";"RG";"CPF";"endereco_fk"
1;"João Miguel  Queirós Aparecido";"715120359";"00.930.834.9-84";69
2;"Maria Julia  Brasil  Barros";"687075338";"11.464.906.1-05";67
3;"Theo  Magalhães   Barros";"579802040";"66.279.889.1-42";28
4;"Marcela  Costa Calado";"519537378";"22.029.821.1-05";141
5;"Vanessa  Fontes  Rodrigues";"142555651";"57.444.588.8-55";79
6;"Heitor  Matos  Costa";"712480249";"15.249.618.4-57";145
7;"Guilherme  Rocha  Castro";"679672407";"45.864.190.9-27";18
8;"Valentina  Rocha  Guimarães ";"752957910";"57.655.890.1-13";141
9;"Thiago  Souza Aparecido";"865374510";"06.036.234.4-66";154
10;"Bernardo  Correia  Rocha";"474009765";"76.528.936.8-42";108
11;"Maria Alice  Cardoso Rodrigues";"253303294";"82.842.654.0-92";38
12;"Alice Mesquita Rodrigues";"075945765";"96.591.595.0-32";34
13;"Ana  Campos  Matos";"893537114";"47.520.520.6-43";20
14;"Viviane  Pedreira  Costa";"498245019";"99.159.578.1-65";55
15;"Maria Cecília  Braga  Brasil";"996177138";"04.001.107.5-75";171
16;"Heitor  Azevedo  Rocha";"848225309";"96.296.460.6-93";20
17;"Maria Alice dos Santos Mesquita";"701615300";"63.720.288.5-12";16
18;"Laura  Teixeira Rodrigues";"552169163";"56.291.552.2-39";42
19;"Eduardo Silva  Macedo";"557624059";"24.669.453.3-17";166
20;"Lucas Aparecido  Braga";"099666470";"06.839.101.4-71";192
21;"Gael Arake  Azevedo";"715915770";"52.976.780.7-17";31
22;"Theo Mesquita  Siqueira";"730465753";"98.132.082.3-51";122
23;"Heitor Calado  Pedreira";"245610236";"18.100.343.8-07";137
24;"Maria  Matos Almeida";"874346944";"73.384.419.8-02";51
25;"Tamires  Campos  Queirós";"555695180";"10.767.229.9-72";189
26;"Heitor  Rocha  Costa";"271747357";"20.894.331.9-09";163
27;"Alice Palmito Kubitcheck";"092322859";"19.881.429.7-90";65
28;"Gabriela Palmito  Barros";"366789579";"37.316.885.8-69";98
29;"Heloísa Kubitcheck Silva";"398271983";"24.011.999.6-09";94
30;"João Miguel Palmito Aparecido";"301716174";"19.315.122.2-70";90
31;"Maria Clara Oliveira  Castro";"926358942";"73.066.029.3-50";94
32;"Miguel  Magalhães  Palmito";"756652418";"89.276.754.8-82";28
33;"Tamires  Ribeiro  Brasil";"316412350";"97.925.119.7-02";24
34;"Gabriel Silva  Queirós";"978337649";"92.986.066.7-42";187
35;"Bernardo  Correia  Guimarães ";"318716258";"83.659.747.0-13";171
36;"Arthur  Brasil Rodrigues";"771161696";"93.722.235.0-64";86
37;"Eduardo  Costa  Serra";"249011136";"99.989.092.2-59";94
38;"Miguel Pinhais Silva";"009874003";"94.410.953.8-47";120
39;"Davi  Barros Rodrigues";"131209836";"74.231.972.6-77";27
40;"Arthur  Guimarães  Arake";"580873274";"12.647.496.8-67";84
41;"Maria Alice  Barros  Teixeira";"726845349";"68.564.828.3-64";163
42;"Gabriela  Fontes   Correia";"246829362";"54.636.103.7-77";56
43;"Maria Arake  Brasil";"240345264";"06.386.171.2-33";49
44;"Marcelo  Guimarães   Pedreira";"090700736";"58.850.129.7-40";124
45;"Luiza  Teixeira  Rocha";"636714338";"01.944.724.0-21";22
46;"Maria Alice Martins  Costa";"732714589";"79.677.952.2-39";124
47;"Ana  Matos Pinhais";"652737773";"44.699.723.2-72";51
48;"Luiza  Cardoso  Bahiense";"325430588";"73.472.853.8-79";32
49;"Raquel  Macedo  Macedo";"168152524";"88.344.950.7-48";96
50;"Maria Cecília  Siqueira Sequeira";"149953238";"84.245.173.0-74";92
51;"Tamires  Costa  Guimarães ";"860493572";"05.498.969.1-01";178
52;"Laura Arake  Brasil";"017095360";"61.525.313.5-35";153
53;"Heitor  Campos  Queirós";"582583533";"60.572.653.5-52";184
54;"Raquel  Campos Pinhais";"583554558";"46.645.248.9-54";173
55;"Theo  Queirós Mesquita";"045660561";"55.498.780.6-61";46
56;"Ronaldo  Siqueira  Macedo";"120617293";"95.301.698.4-78";72
57;"Maria Julia Silva Rodrigues";"152655559";"37.941.551.0-39";1
58;"Gael Pinhais Aparecido";"313257780";"91.776.372.7-29";109
59;"Marcelo  Barros Calado";"416965926";"54.770.482.0-88";196
60;"Thiago  Pedreira  Azevedo";"986974688";"89.067.633.0-65";189
61;"Miguel  Teixeira Mesquita";"420068810";"29.756.668.1-88";128
62;"João Miguel  Teixeira  Siqueira";"944234136";"95.350.311.9-30";130
63;"Ana  Campos  Serra";"907876248";"89.875.971.6-79";93
64;"Davi Aparecido Almeida";"780434110";"64.818.915.3-79";35
65;"Guilherme  Barros  Matos";"217630974";"32.642.525.8-76";43
66;"Gabriela  Cardoso Aparecido";"378891083";"97.225.142.0-24";34
67;"José  Macedo  Magalhães ";"486518047";"56.664.058.0-51";155
68;"Laura  Souza  Magalhães ";"844524620";"76.964.013.3-72";153
69;"Maria Julia  Souza Almeida";"277764752";"45.440.677.8-77";178
70;"Luiza Almeida  Fontes ";"293360721";"34.124.325.9-89";109
71;"Guilherme Pinhais  Siqueira";"695721119";"33.398.117.9-98";146
72;"Aline  Matos Arake";"688384104";"54.735.754.2-98";101
73;"Marcela Mesquita Aparecido";"619693497";"28.391.184.6-20";176
74;"Sophia  Braga  Magalhães ";"362964768";"49.677.903.9-86";60
75;"Viviane  Braga  Correia";"067483578";"41.962.396.1-73";7
76;"José  Rocha Calado";"228326755";"38.755.694.0-05";178
77;"Lucas  Campos  Castro";"432966247";"33.990.839.2-61";123
78;"Maria Julia  Matos  Campos";"775022684";"21.463.795.3-95";128
79;"Gael  Serra  Correia";"831961939";"21.499.764.2-98";123
80;"Valentina Sequeira Calado";"739325537";"01.483.172.7-41";168
81;"Vanessa  Barros Rodrigues";"724995287";"24.511.186.9-92";15
82;"Gabriela  Souza Aparecido";"207061693";"96.429.690.2-10";183
83;"Thiago Calado  Cardoso";"931934564";"95.707.351.7-56";197
84;"Maria Cecília  Campos  Matos";"492915305";"15.236.620.7-80";65
85;"Valentina Mesquita  Rocha";"774011233";"51.208.177.2-39";39
86;"Maria Cecília  Fontes   Cardoso";"201407245";"46.423.648.4-45";101
87;"Miguel  Macedo  Fontes ";"900833316";"59.789.523.0-99";167
88;"Laura Calado Pinhais";"487888164";"81.724.774.4-07";153
89;"Vanessa Rodrigues  Braga";"313078855";"27.227.366.0-42";29
90;"Heitor  Bahiense  Braga";"927419489";"54.804.026.9-70";74
91;"Ronaldo Oliveira Kubitcheck";"105001337";"25.440.413.8-25";7
92;"Heloísa  Souza  Correia";"302287050";"08.438.869.6-87";167
93;"Gabriela Kubitcheck  Matos";"488512236";"09.792.446.6-58";60
94;"Eduardo  Costa Almeida";"887418165";"48.846.066.1-79";136
95;"Ana Almeida  Fontes ";"414897572";"54.575.052.5-66";48
96;"José Aparecido  Pedreira";"614757493";"24.800.730.5-37";69
97;"Maria Cecília Oliveira  Siqueira";"992550035";"52.596.753.7-90";37
98;"Maria Alice  Bahiense Calado";"497466678";"73.035.641.4-48";46
99;"Ana Kubitcheck  Siqueira";"143796334";"19.617.854.1-87";68
100;"Aline Pinhais  Macedo";"790948345";"31.747.001.4-94";71
101;"Guilherme Calado  Cardoso";"991239693";"72.443.536.2-07";192
102;"Raquel Silva Silva";"276928998";"92.137.038.3-80";42
103;"Heloísa  Rocha  Rocha";"843913475";"27.981.691.5-34";73
104;"Alice  Macedo  Cardoso";"125128502";"42.424.697.9-70";96
105;"Raquel  Souza  Cardoso";"792418384";"17.304.634.7-55";166
106;"Gabriel  Braga Silva";"695191486";"94.509.077.1-15";173
107;"Maria  Pedreira Silva";"371736572";"45.398.603.6-03";199
108;"Karla  Teixeira Calado";"172473365";"17.528.311.5-77";182
109;"Maria  Fontes   Queirós";"071104791";"25.804.636.9-16";23
110;"José  Campos  Ribeiro";"833401873";"95.583.353.3-17";89
111;"Raquel  Ribeiro  Braga";"060505777";"67.852.404.0-52";113
112;"Laura Aparecido  Azevedo";"279755164";"20.510.598.2-07";147
113;"Marcela Palmito  Macedo";"282673245";"23.951.930.1-68";111
114;"Laura Calado Mesquita";"676466387";"03.708.865.4-21";85
115;"Laura  Fontes  Oliveira";"187202654";"00.119.353.6-38";97
116;"Karla  Serra  Ribeiro";"986177247";"16.929.677.2-11";48
117;"Lucas Silva  Castro";"761600932";"11.608.695.8-96";123
118;"Maria Alice Calado  Braga";"339162456";"60.538.044.9-16";101
119;"Maria Alice Pinhais  Castro";"038973098";"44.382.007.0-85";88
120;"Maria Alice  Cardoso Almeida";"952183483";"12.264.194.4-26";14
121;"Marcelo  Braga Silva";"914454547";"68.438.033.7-42";78
122;"Samuel Silva  Costa";"408222379";"95.492.072.4-29";71
123;"Valentina Aparecido  Azevedo";"764448562";"63.048.041.8-09";133
124;"Tamires  Braga  Correia";"633673501";"39.085.862.9-78";160
125;"Guilherme  Souza  Braga";"582832622";"85.698.511.9-07";65
126;"Laura Silva  Costa";"633370112";"54.734.337.4-81";134
127;"Guilherme  Fontes   Brasil";"119880764";"87.389.980.8-73";162
128;"Helena Almeida Arake";"708935130";"70.313.996.3-20";197
129;"Miguel  Campos  Matos";"262661377";"15.527.393.0-35";172
130;"Sophia dos Santos  Barros";"187797485";"32.696.916.7-67";63
131;"Heitor  Azevedo Rodrigues";"732283733";"65.322.582.6-47";139
132;"Sophia  Fontes  Aparecido";"725643876";"35.948.701.1-55";177
133;"Davi  Costa  Macedo";"213584027";"38.402.947.5-13";73
134;"Maria Aparecido Kubitcheck";"952345729";"06.387.441.5-88";58
135;"Lucas  Matos  Fontes ";"120473461";"92.499.679.8-85";49
136;"Theo  Campos  Magalhães ";"245336662";"50.966.484.2-30";80
137;"Maria Clara  Brasil  Cardoso";"296503360";"81.170.011.4-93";2
138;"Gabriel Martins Martins";"900688159";"22.481.805.9-09";178
139;"Ronaldo  Teixeira Mesquita";"004365793";"68.013.807.0-73";180
140;"Tamires  Guimarães   Correia";"470998935";"71.369.897.8-09";170
141;"Maria Clara  Magalhães   Castro";"386116771";"68.596.054.7-36";98
142;"Thiago  Cardoso Mesquita";"585959544";"22.957.898.3-02";87
143;"Maria Cecília  Azevedo Pinhais";"341297855";"32.505.494.5-84";114
144;"Ronaldo  Magalhães  Rodrigues";"014344472";"26.654.479.8-08";114
145;"Theo dos Santos  Campos";"927277598";"94.138.434.2-84";169
146;"Gael  Costa  Bahiense";"786680797";"75.579.152.8-70";71
147;"Eduardo  Fontes  Calado";"643831880";"91.831.935.2-10";190
148;"Ronaldo  Souza Pinhais";"521310352";"77.570.727.5-82";108
149;"Ronaldo  Matos  Fontes ";"404875923";"65.499.218.6-41";173
150;"Vanessa  Fontes   Cardoso";"821089107";"28.196.700.5-89";17
151;"Valentina Aparecido  Brasil";"510076479";"01.175.253.8-40";189
152;"Miguel  Matos  Brasil";"090971990";"78.422.010.8-66";134
153;"Heloísa  Fontes   Correia";"704835181";"06.564.226.7-13";183
154;"Eduardo Calado Pinhais";"421624848";"78.590.852.8-10";156
155;"Vanessa  Queirós  Guimarães ";"968866375";"16.255.580.6-97";53
156;"Heitor  Barros  Queirós";"708269777";"07.852.048.3-14";164
157;"Karla Kubitcheck Calado";"596623854";"40.423.852.7-04";160
158;"Heloísa  Souza  Bahiense";"478818732";"37.964.619.9-66";30
159;"Lucas Almeida  Fontes ";"594352845";"44.655.043.2-14";164
160;"Gabriela  Cardoso  Teixeira";"214262662";"92.504.537.0-61";97
161;"Valentina Kubitcheck Rodrigues";"181846822";"58.442.062.1-30";147
162;"Vanessa  Siqueira Pinhais";"911051027";"87.688.735.2-21";165
163;"Ronaldo  Rocha  Azevedo";"496631920";"37.495.015.1-98";49
164;"Marcelo  Brasil Palmito";"251960452";"29.961.767.5-93";32
165;"José Aparecido  Costa";"086296328";"69.758.203.6-28";49
166;"Tamires  Magalhães  Mesquita";"854655352";"33.908.626.1-44";6
167;"Gael  Cardoso  Bahiense";"973134038";"32.023.089.8-01";105
168;"Marcela Mesquita  Costa";"927466881";"48.523.772.5-16";12
169;"Aline  Guimarães   Pedreira";"256789423";"13.353.150.2-04";184
170;"Theo Mesquita  Bahiense";"408625383";"25.281.063.7-74";46
171;"Sophia  Matos Palmito";"022880227";"09.710.463.9-04";143
172;"Gabriela Silva  Bahiense";"095419053";"82.312.386.0-26";121
173;"Karla Aparecido Mesquita";"540451305";"55.556.979.0-38";109
174;"Aline Arake dos Santos";"988566350";"86.156.029.6-02";52
175;"Davi Kubitcheck Almeida";"326144983";"22.397.873.1-11";80
176;"Maria Alice Aparecido  Queirós";"460148816";"17.376.854.7-34";123
177;"João Miguel Rodrigues  Bahiense";"610964319";"79.170.535.0-04";129
178;"Viviane Calado Calado";"121411392";"92.096.097.4-74";24
179;"Valentina  Ribeiro Aparecido";"532795477";"08.758.059.7-73";156
180;"Valentina Calado  Matos";"757060891";"37.224.387.6-36";197
181;"Maria Alice  Queirós  Guimarães ";"782764620";"98.330.165.2-01";92
182;"Sophia  Bahiense  Serra";"306809851";"20.841.367.3-54";53
183;"Ana Palmito  Pedreira";"831957466";"78.971.426.9-00";50
184;"Sophia  Barros  Guimarães ";"779886918";"94.446.737.2-06";138
185;"Viviane  Teixeira  Magalhães ";"210066220";"59.000.195.4-43";99
186;"Viviane dos Santos  Matos";"988361175";"72.737.756.6-94";164
187;"Heitor Silva  Queirós";"180288887";"44.888.641.9-22";52
188;"Maria Cecília Silva  Ribeiro";"635571828";"47.781.295.9-59";49
189;"Theo  Brasil Pinhais";"687395726";"01.297.941.7-15";111
190;"Gabriela  Guimarães   Rocha";"899705651";"25.526.499.2-02";81
191;"Ronaldo  Souza  Brasil";"311790121";"11.005.520.9-15";163
192;"José  Siqueira  Magalhães ";"066365053";"84.965.491.6-91";55
193;"Davi  Brasil  Cardoso";"555260793";"09.748.770.4-52";14
194;"Viviane Pinhais Palmito";"038959808";"36.727.155.8-23";86
195;"Laura  Rocha  Brasil";"225707030";"19.423.826.5-43";140
196;"Heitor Sequeira  Castro";"452066590";"34.925.923.6-52";71
197;"Heitor Almeida Calado";"945035669";"25.269.484.6-62";162
198;"Helena  Brasil  Rocha";"257277454";"98.864.274.8-62";141
199;"Maria  Magalhães   Braga";"745204372";"40.427.804.8-09";53
200;"Marcelo  Magalhães  Rodrigues";"844389562";"86.878.753.2-82";183
201;"Guilherme  Costa  Barros";"340038871";"20.239.483.1-84";155
202;"Gabriela Pinhais  Serra";"135497958";"61.252.074.7-98";74
203;"Karla Mesquita  Matos";"474068530";"65.833.904.5-68";55
204;"Theo Silva  Braga";"226604764";"47.379.535.5-77";194
205;"Bernardo Silva  Siqueira";"646724431";"18.435.559.7-06";5
206;"Ana  Fontes   Souza";"994752908";"94.475.055.2-07";172
207;"Samuel  Barros  Bahiense";"985610653";"16.777.742.6-28";75
208;"Viviane Oliveira  Azevedo";"018480474";"17.502.058.5-30";73
209;"Bernardo  Macedo  Bahiense";"345144806";"35.091.242.0-54";91
210;"Viviane Oliveira  Queirós";"384129487";"59.067.597.5-29";149
211;"Gabriela  Braga  Serra";"553662785";"55.284.301.2-54";199
212;"Laura  Matos  Brasil";"712977612";"21.399.255.5-42";21
213;"Maria Julia Oliveira  Fontes ";"147598861";"34.500.939.4-32";45
214;"Guilherme  Pedreira Calado";"392335310";"20.361.678.9-07";106
215;"Maria Clara Aparecido Calado";"981280430";"60.691.540.0-45";44
216;"Arthur Martins  Barros";"790222481";"44.267.718.5-42";48
217;"Heitor Oliveira Rodrigues";"512344903";"90.927.900.1-82";148
218;"Lucas  Correia Mesquita";"761567543";"43.979.396.3-13";1
219;"Luiza Pinhais Aparecido";"388700241";"23.264.599.9-11";180
220;"Luiza Calado Arake";"686285424";"72.002.501.0-50";25
221;"Ronaldo  Pedreira  Azevedo";"818407907";"12.728.369.7-54";157
222;"Guilherme  Bahiense  Campos";"650340551";"06.795.062.2-56";156
223;"Karla  Barros Kubitcheck";"711884184";"42.405.455.8-13";111
224;"Arthur  Fontes   Ribeiro";"681053068";"36.488.767.4-15";150
225;"Gabriel  Castro  Bahiense";"735961077";"07.212.391.5-59";185
226;"Maria Alice Almeida Rodrigues";"810364333";"55.467.053.1-88";193
227;"Ana  Campos  Brasil";"256965066";"43.921.009.6-88";26
228;"Vanessa  Queirós  Teixeira";"616679178";"96.302.101.6-80";103
229;"Bernardo  Fontes   Braga";"758511625";"18.443.985.0-47";82
230;"Alice Rodrigues Pinhais";"404134443";"32.650.439.0-45";23
231;"Viviane  Brasil Martins";"341175946";"22.676.914.7-78";200
232;"Luiza dos Santos  Correia";"873822249";"21.274.834.7-95";46
233;"Aline  Barros Calado";"339674329";"58.623.913.6-56";63
234;"Heloísa  Braga Arake";"775918705";"32.460.946.7-43";16
235;"Maria Alice  Pedreira  Guimarães ";"502148208";"66.322.921.0-02";176
236;"Sophia  Rocha  Fontes ";"987647369";"57.940.662.8-96";131
237;"Bernardo  Correia  Braga";"291967825";"01.115.167.1-78";167
238;"Theo  Braga  Azevedo";"018534886";"59.850.179.1-31";82
239;"Marcela  Campos  Guimarães ";"762696953";"12.424.980.8-49";95
240;"Valentina Almeida  Brasil";"823719559";"04.650.325.1-03";35
241;"Maria Clara Kubitcheck  Cardoso";"603578525";"19.093.370.5-25";181
242;"Raquel dos Santos Palmito";"128663036";"62.784.226.5-09";24
243;"Miguel Sequeira  Queirós";"287334317";"51.865.253.0-69";62
244;"Maria  Magalhães   Matos";"584626650";"42.471.011.4-50";33
245;"Lucas Pinhais  Serra";"834566186";"80.687.318.6-82";2
246;"Heitor  Costa  Barros";"099096757";"10.498.895.3-12";45
247;"Alice  Bahiense  Pedreira";"900376911";"57.860.045.0-78";76
248;"Ronaldo Calado  Braga";"559103869";"08.718.025.9-22";20
249;"Viviane Sequeira  Campos";"425507296";"35.749.443.3-81";182
250;"Heitor Pinhais Almeida";"729615913";"64.317.980.4-23";110
251;"Tamires  Costa Pinhais";"215127067";"03.448.249.4-36";106
252;"Maria Clara  Castro  Pedreira";"176300918";"77.972.749.0-13";1
253;"Maria Alice  Rocha  Souza";"297497178";"39.408.879.7-30";135
254;"Maria Clara  Ribeiro  Rocha";"656337369";"02.498.088.8-36";82
255;"Theo  Teixeira  Azevedo";"447977461";"00.538.201.3-00";195
256;"Karla  Magalhães   Pedreira";"090138619";"24.855.737.8-27";175
257;"Raquel  Azevedo  Braga";"375043903";"82.339.701.1-24";70
258;"João Miguel  Pedreira Palmito";"671854940";"44.813.999.3-39";39
259;"Guilherme  Rocha  Ribeiro";"905623504";"19.238.485.8-82";160
260;"Maria Cecília  Azevedo  Castro";"927800507";"50.919.917.0-44";94
261;"Lucas  Serra  Rocha";"820865351";"91.837.482.4-13";151
262;"Theo  Queirós  Castro";"454558302";"62.966.417.4-39";185
263;"Maria  Siqueira  Souza";"715795399";"02.602.581.1-58";17
264;"Maria Clara  Ribeiro Silva";"824434066";"69.250.406.0-69";196
265;"Tamires  Braga  Rocha";"429314480";"52.877.838.6-11";166
266;"Tamires  Siqueira  Queirós";"277927263";"30.737.010.3-89";150
267;"Aline  Macedo  Rocha";"172370489";"79.107.677.1-08";71
268;"Viviane  Azevedo  Fontes ";"997255736";"36.336.756.5-45";4
269;"Maria Cecília Mesquita  Correia";"080690433";"68.989.388.1-98";110
270;"Maria Cecília  Barros Calado";"112170649";"16.381.079.1-42";44
271;"Ana Pinhais  Serra";"036239440";"45.302.110.2-99";103
272;"Luiza Martins Martins";"387288131";"58.236.968.7-95";9
273;"Eduardo  Pedreira  Queirós";"303413011";"70.688.176.6-16";22
274;"Maria Martins  Castro";"051558565";"73.160.958.8-27";74
275;"Helena Kubitcheck Mesquita";"299484758";"48.363.612.0-46";110
276;"Thiago  Brasil  Macedo";"766512107";"26.748.484.9-14";35
277;"Guilherme Kubitcheck  Barros";"988368624";"44.648.828.1-46";170
278;"Tamires  Fontes  Aparecido";"402110698";"33.036.761.6-04";188
279;"Aline Martins  Pedreira";"114577127";"05.881.604.7-39";195
280;"Bernardo  Barros  Azevedo";"120840794";"15.111.194.0-40";68
281;"Maria Clara Martins Rodrigues";"988756347";"77.611.241.7-84";33
282;"Eduardo Palmito Palmito";"713835911";"87.564.298.9-04";145
283;"Miguel  Cardoso  Magalhães ";"394529568";"31.144.379.2-84";192
284;"Helena Almeida Rodrigues";"163472406";"29.638.118.3-26";126
285;"Vanessa Oliveira  Cardoso";"520092271";"11.543.305.6-73";85
286;"Valentina  Costa  Souza";"356067474";"28.886.550.2-65";67
287;"Marcelo Martins  Ribeiro";"966116002";"20.844.398.6-64";162
288;"Karla  Barros Arake";"338539424";"78.286.429.0-68";61
289;"Miguel  Correia  Cardoso";"352769369";"02.068.961.2-52";117
290;"Karla Rodrigues  Magalhães ";"678801985";"77.653.997.9-96";112
291;"Maria Julia  Cardoso Calado";"522825660";"42.734.618.0-53";164
292;"José  Guimarães  Palmito";"387604342";"32.891.782.6-23";83
293;"Eduardo  Correia  Costa";"784561957";"13.916.499.4-79";106
294;"Valentina  Fontes  Martins";"726254626";"97.676.865.8-72";108
295;"Guilherme  Rocha  Macedo";"744459994";"59.313.782.6-34";150
296;"Karla  Cardoso Martins";"185812648";"61.270.282.1-02";122
297;"José  Teixeira Aparecido";"974577898";"54.193.652.3-02";148
298;"Vanessa Oliveira  Rocha";"103181074";"31.010.449.2-12";89
299;"Laura Almeida  Cardoso";"866725840";"92.207.047.9-53";119
300;"Marcela Almeida  Costa";"160094715";"28.257.299.9-35";6
301;"Ronaldo  Magalhães  Martins";"076704962";"90.883.169.9-73";63
302;"Maria Cecília  Souza Martins";"162592902";"85.495.103.9-47";51
303;"Alice Kubitcheck  Siqueira";"810376468";"15.137.478.0-26";113
304;"Maria  Correia  Ribeiro";"140394160";"22.665.249.0-16";171
305;"Alice  Teixeira Mesquita";"168995759";"15.846.468.3-67";189
306;"Raquel  Bahiense  Brasil";"593949307";"18.173.105.1-01";142
307;"Theo  Macedo  Azevedo";"287304656";"93.698.968.8-25";68
308;"Valentina Sequeira  Cardoso";"479856616";"58.811.714.6-47";123
309;"Marcelo  Queirós  Pedreira";"506423306";"50.770.729.8-52";123
310;"Maria Alice  Fontes  Rodrigues";"671838156";"57.089.754.1-20";61
311;"Luiza  Ribeiro  Matos";"727688644";"73.206.900.4-71";42
312;"Luiza  Castro  Barros";"864827800";"43.286.211.5-40";115
313;"Viviane  Rocha  Costa";"412335504";"13.577.546.5-51";32
314;"Lucas Aparecido  Matos";"617219471";"00.291.411.2-42";101
315;"Bernardo  Macedo Almeida";"335107719";"20.638.884.2-50";91
316;"Helena  Campos  Campos";"620146514";"60.207.051.7-98";36
317;"Theo  Barros  Guimarães ";"323899267";"61.186.770.5-06";72
318;"Valentina Aparecido  Ribeiro";"295765244";"72.910.528.2-46";64
319;"Bernardo  Guimarães  Arake";"390595909";"53.502.906.5-91";118
320;"Gabriela Palmito Palmito";"340053872";"90.151.917.3-18";48
321;"Sophia Aparecido  Braga";"920483617";"79.054.537.6-46";158
322;"Viviane  Souza Mesquita";"128930092";"87.227.664.1-65";103
323;"Maria Aparecido Mesquita";"368878185";"30.697.119.6-01";172
324;"Arthur  Campos  Siqueira";"242941913";"33.328.566.9-56";91
325;"Theo  Campos  Magalhães ";"654429401";"18.916.131.3-42";198
326;"Gabriel  Teixeira  Pedreira";"578550783";"95.790.613.4-42";59
327;"Maria Alice  Costa  Queirós";"800351983";"84.787.632.7-90";21
328;"Helena  Castro Almeida";"998408555";"49.859.677.7-77";108
329;"Aline Mesquita  Brasil";"883769336";"10.084.434.2-06";132
330;"Raquel  Azevedo  Costa";"596418545";"70.496.596.3-82";73
331;"Maria Clara  Braga  Cardoso";"680050340";"76.482.082.9-38";165
332;"Maria Clara  Campos Palmito";"263302130";"27.647.924.6-04";68
333;"Lucas Palmito  Matos";"415101446";"24.431.002.2-22";29
334;"Ana  Magalhães   Azevedo";"692201284";"76.360.602.9-99";17
335;"Guilherme  Braga  Azevedo";"487140869";"54.070.609.8-43";38
336;"Marcela  Brasil Almeida";"656912217";"86.772.257.2-49";165
337;"Aline Mesquita  Correia";"242464680";"50.707.731.1-20";168
338;"Valentina Aparecido Mesquita";"732675881";"89.487.256.9-71";70
339;"Maria  Campos Mesquita";"495136489";"38.232.804.7-97";147
340;"Gabriel Mesquita Mesquita";"460848412";"38.242.308.2-71";178
341;"Valentina Palmito  Macedo";"088459687";"97.844.436.0-67";149
342;"Luiza Rodrigues Silva";"258558857";"62.573.970.3-41";145
343;"Maria  Fontes   Souza";"700848379";"54.704.870.5-19";18
344;"Maria  Siqueira  Souza";"345576913";"09.827.754.5-90";165
345;"Raquel  Macedo  Cardoso";"749765148";"64.525.865.5-31";144
346;"Lucas  Rocha Almeida";"568230279";"63.445.410.6-66";62
347;"Marcelo Arake  Queirós";"859461495";"93.753.268.3-03";184
348;"Gabriel  Matos  Rocha";"477256571";"59.852.764.7-99";163
349;"Guilherme  Serra Aparecido";"363646905";"31.963.961.8-20";6
350;"Maria Aparecido  Rocha";"167824468";"50.545.680.5-40";197
351;"Thiago  Azevedo Arake";"174066482";"72.764.013.0-38";55
352;"Heitor Aparecido  Souza";"551865011";"54.802.659.0-31";160
353;"Aline  Ribeiro  Braga";"954110588";"35.230.496.6-58";122
354;"Karla Calado  Correia";"529947863";"09.920.573.6-15";115
355;"Thiago  Pedreira Palmito";"260250025";"13.575.254.4-14";179
356;"Aline  Barros  Brasil";"358051876";"06.177.888.8-73";197
357;"Miguel Martins  Azevedo";"532705081";"01.048.485.6-17";168
358;"Maria  Teixeira  Fontes ";"588210163";"01.214.719.9-64";172
359;"Guilherme Aparecido  Campos";"710379975";"49.152.022.0-17";146
360;"Eduardo  Azevedo  Macedo";"237611453";"31.393.080.4-03";47
361;"Maria Julia  Castro Calado";"945509371";"52.866.183.6-13";144
362;"Samuel  Queirós Kubitcheck";"130789683";"41.580.484.4-57";194
363;"Ana  Serra  Siqueira";"373008822";"21.339.854.0-70";174
364;"Gabriel  Siqueira  Cardoso";"464193196";"89.116.305.5-00";153
365;"Lucas  Guimarães   Matos";"003297472";"85.113.682.6-15";84
366;"Gabriel  Braga Palmito";"485775817";"67.146.186.4-75";25
367;"Lucas  Braga  Fontes ";"365059323";"37.841.703.0-00";133
368;"Samuel Oliveira  Barros";"549754433";"60.378.503.8-30";91
369;"Ana  Pedreira  Teixeira";"368990917";"82.710.724.7-68";70
370;"Ronaldo Martins  Braga";"533914279";"81.727.620.5-23";17
371;"Bernardo dos Santos  Magalhães ";"571923030";"74.593.200.2-12";158
372;"José  Braga Calado";"129832671";"00.333.887.4-52";198
373;"Viviane  Azevedo Kubitcheck";"673631556";"89.598.647.1-79";64
374;"Guilherme  Pedreira  Brasil";"459601338";"94.398.509.6-18";11
375;"Sophia Pinhais  Braga";"226339878";"18.328.351.7-18";196
376;"Ronaldo  Siqueira  Azevedo";"473330410";"85.085.125.9-44";56
377;"Marcela  Castro  Costa";"731815962";"73.114.474.6-30";188
378;"Heitor Aparecido  Queirós";"224122626";"35.409.028.9-36";162
379;"Gabriela Kubitcheck  Brasil";"327691345";"59.716.639.9-61";133
380;"Sophia  Guimarães   Guimarães ";"112822802";"84.678.660.4-82";84
381;"Luiza Rodrigues  Matos";"737834072";"66.753.350.9-84";126
382;"Maria Julia  Queirós Silva";"109514208";"71.888.945.3-88";36
383;"Maria Cecília  Brasil Aparecido";"776563857";"97.098.278.4-08";37
384;"Valentina  Guimarães   Bahiense";"674558750";"31.143.744.0-93";109
385;"Heitor  Teixeira Mesquita";"271616025";"18.009.003.4-35";97
386;"Heloísa  Bahiense  Ribeiro";"350645662";"01.510.985.0-46";129
387;"Marcela  Magalhães   Costa";"250706407";"76.555.117.1-98";116
388;"Davi  Guimarães   Castro";"515188865";"14.153.541.6-75";106
389;"José Arake Mesquita";"735834075";"14.990.478.4-67";37
390;"Marcelo Calado Almeida";"160565228";"05.016.108.8-82";142
391;"Sophia  Castro Mesquita";"908610932";"03.138.156.0-53";154
392;"José Palmito  Brasil";"163993307";"17.860.919.5-45";139
393;"Heloísa Mesquita  Cardoso";"368123285";"08.603.120.4-67";123
394;"Ronaldo  Souza  Guimarães ";"039587165";"29.106.122.8-94";126
395;"Guilherme Calado  Cardoso";"342054581";"13.468.685.2-42";116
396;"Luiza Silva  Magalhães ";"845837486";"57.357.567.8-76";177
397;"Alice Kubitcheck  Macedo";"305479230";"28.070.693.7-19";83
398;"Maria Julia  Teixeira  Ribeiro";"568044112";"62.054.345.0-39";43
399;"Lucas  Guimarães   Campos";"398236755";"40.671.048.9-72";92
400;"Gabriela Calado Calado";"950013783";"12.913.994.5-24";12
401;"Vanessa Sequeira Rodrigues";"398797819";"35.691.953.5-31";74
402;"Vanessa  Teixeira Palmito";"721709121";"66.274.454.7-54";34
403;"Marcela Rodrigues  Costa";"618898981";"22.087.800.8-86";37
404;"Lucas  Ribeiro Kubitcheck";"027861881";"28.512.920.2-77";59
405;"Tamires Palmito  Siqueira";"456644645";"61.594.921.7-12";49
406;"João Miguel  Souza  Matos";"319104927";"81.858.636.3-12";12
407;"Theo Silva  Campos";"880187852";"98.969.057.2-14";159
408;"Aline Aparecido  Fontes ";"396408900";"06.900.602.5-47";150
409;"Eduardo Pinhais Pinhais";"330854094";"37.293.378.7-87";132
410;"Valentina  Correia Rodrigues";"789728284";"30.312.908.1-73";101
411;"João Miguel  Rocha Calado";"997020083";"67.207.923.6-07";152
412;"Luiza  Souza Palmito";"364898921";"69.902.163.2-18";69
413;"Marcela Palmito Calado";"581066981";"82.230.238.5-14";24
414;"Samuel  Guimarães  Calado";"234941219";"88.502.321.6-58";15
415;"Arthur  Braga Aparecido";"110202978";"99.376.009.1-29";131
416;"Marcelo  Macedo  Fontes ";"569027893";"65.689.433.8-78";152
417;"Karla  Azevedo  Bahiense";"218892356";"25.088.065.2-54";180
418;"Maria Sequeira  Cardoso";"896495472";"58.143.584.3-02";40
419;"Laura  Macedo  Braga";"882487788";"46.881.805.6-08";20
420;"Laura Pinhais  Azevedo";"983437891";"60.234.994.8-90";179
421;"Eduardo Almeida Pinhais";"537267494";"01.646.751.8-81";39
422;"Maria Julia  Pedreira  Cardoso";"533090819";"26.062.292.0-14";169
423;"Maria  Fontes  Calado";"852966791";"00.239.548.8-86";58
424;"Maria Clara  Matos  Matos";"003984372";"17.537.979.6-70";102
425;"Guilherme Kubitcheck Mesquita";"109314289";"17.118.038.2-40";174
426;"Samuel  Teixeira  Queirós";"487563599";"20.904.804.0-08";164
427;"Viviane Kubitcheck  Souza";"899280586";"79.951.204.4-55";163
428;"Marcela Oliveira  Correia";"188713982";"36.987.542.7-25";135
429;"Arthur  Rocha Arake";"660043934";"42.944.356.3-04";56
430;"Tamires Arake  Costa";"794888558";"41.043.791.3-26";169
431;"Tamires  Costa  Costa";"899630583";"93.443.566.9-86";187
432;"Gael Palmito  Castro";"837618737";"56.339.183.0-69";56
433;"Marcela  Souza  Cardoso";"067262738";"77.197.906.4-52";94
434;"Tamires  Serra  Macedo";"974794375";"49.707.268.7-44";131
435;"Miguel Rodrigues  Bahiense";"289735664";"43.921.200.9-05";91
436;"Marcela  Pedreira Mesquita";"082358075";"33.905.650.4-30";56
437;"Heloísa Sequeira  Magalhães ";"124272606";"69.510.383.2-37";16
438;"Arthur Palmito  Macedo";"094274361";"41.901.680.7-41";171
439;"Vanessa  Pedreira  Barros";"783157668";"24.963.102.8-98";27
440;"Miguel  Ribeiro Pinhais";"836735590";"97.662.112.0-65";37
441;"Valentina  Costa  Teixeira";"813583694";"06.227.435.2-18";163
442;"Miguel  Macedo  Serra";"054282568";"88.146.518.6-03";53
443;"Viviane  Campos Calado";"355404930";"85.358.696.5-69";174
444;"Sophia  Ribeiro  Guimarães ";"537853039";"18.486.687.7-33";22
445;"Laura  Siqueira  Serra";"015782212";"43.458.209.7-23";124
446;"Maria Clara Calado  Serra";"628488946";"16.896.022.3-96";193
447;"Karla  Cardoso  Magalhães ";"118879610";"06.546.331.9-67";102
448;"Helena  Barros  Serra";"564032109";"92.153.775.6-09";121
449;"Luiza Pinhais  Serra";"298355766";"13.691.722.0-94";69
450;"Helena  Bahiense  Correia";"126090314";"06.173.997.1-91";112
451;"Arthur Kubitcheck  Matos";"427320373";"22.826.680.3-94";100
452;"Samuel  Teixeira  Braga";"643892602";"49.307.997.2-01";91
453;"Gabriel Kubitcheck  Ribeiro";"126874917";"14.939.644.0-95";80
454;"Ana  Pedreira  Serra";"945792924";"05.961.931.6-07";140
455;"Ana  Barros Pinhais";"955690214";"52.145.221.9-91";124
456;"José Palmito  Pedreira";"411238237";"30.027.238.4-36";153
457;"Davi  Brasil Mesquita";"201049802";"42.412.127.4-66";168
458;"Miguel  Braga Kubitcheck";"064752765";"28.240.403.5-18";10
459;"Bernardo Martins  Souza";"760232822";"34.195.168.4-04";103
460;"Marcelo Aparecido Calado";"016649970";"29.410.777.9-02";24
461;"Helena Aparecido  Queirós";"384970092";"38.599.751.3-44";170
462;"Lucas  Correia  Barros";"125937708";"71.100.868.3-26";198
463;"Maria Alice  Siqueira  Rocha";"718199880";"97.860.915.7-33";128
464;"Maria Clara  Fontes   Pedreira";"960604613";"94.226.473.3-84";62
465;"Tamires Pinhais  Queirós";"497729096";"17.590.110.4-23";187
466;"Maria Cecília  Bahiense  Correia";"667951377";"64.469.132.4-08";59
467;"Luiza  Braga  Correia";"640215831";"75.929.894.5-67";176
468;"Gael Palmito  Braga";"430776121";"98.867.336.9-65";170
469;"Davi dos Santos  Cardoso";"800158602";"44.122.458.0-75";75
470;"Marcelo Arake  Azevedo";"510471440";"03.895.845.8-65";103
471;"Heloísa Mesquita  Braga";"065864363";"47.810.493.4-93";144
472;"Vanessa  Matos Silva";"213676134";"85.179.018.9-94";58
473;"Aline  Fontes  Pinhais";"442195354";"11.623.946.2-76";156
474;"Karla  Souza  Serra";"565159582";"55.790.932.4-66";186
475;"Theo  Correia  Costa";"327661333";"01.192.347.3-01";6
476;"Ronaldo  Pedreira Arake";"293407315";"23.911.489.7-05";139
477;"Tamires  Braga  Guimarães ";"961143448";"25.780.194.8-51";153
478;"Aline  Magalhães   Fontes ";"686896603";"40.956.074.4-29";78
479;"Marcelo Sequeira  Guimarães ";"513193376";"91.385.207.1-16";126
480;"Maria Clara Kubitcheck  Souza";"853737173";"08.499.240.8-18";63
481;"Eduardo  Ribeiro  Rocha";"064176827";"03.742.994.3-65";100
482;"Arthur  Ribeiro  Fontes ";"901555749";"28.415.409.5-17";102
483;"Heitor Palmito  Costa";"033543257";"33.377.632.1-97";50
484;"Thiago  Queirós  Campos";"009456941";"51.775.779.5-22";18
485;"Gabriela  Bahiense Rodrigues";"292261654";"02.851.956.2-06";79
486;"Maria Julia  Rocha  Braga";"860333543";"79.285.653.8-54";143
487;"Marcelo  Magalhães   Cardoso";"141010850";"24.271.740.5-02";148
488;"Theo  Azevedo Silva";"928175853";"97.694.665.0-28";167
489;"Tamires  Siqueira  Rocha";"440790641";"03.871.168.0-22";127
490;"Marcelo Palmito  Macedo";"104216986";"16.654.115.9-72";103
491;"Maria Cecília Calado Arake";"357777135";"69.887.354.6-74";79
492;"Maria  Queirós  Braga";"894074668";"47.717.756.5-59";162
493;"Maria Julia Oliveira  Siqueira";"355831731";"44.949.747.2-15";97
494;"Theo  Queirós  Cardoso";"884069262";"66.085.724.1-35";64
495;"Valentina Mesquita  Brasil";"423642773";"95.688.845.9-55";150
496;"Maria Julia  Souza  Campos";"755456461";"01.597.504.9-01";156
497;"Guilherme Kubitcheck  Barros";"556323398";"38.388.515.8-62";22
498;"Marcelo  Bahiense  Brasil";"064311314";"85.848.793.9-16";37
499;"João Miguel  Azevedo  Fontes ";"723323281";"06.316.001.9-55";37
500;"Heloísa Kubitcheck Mesquita";"555838227";"06.040.418.4-41";159
501;"Viviane  Barros  Rocha";"836727779";"58.496.565.8-89";154
502;"Tamires  Siqueira  Brasil";"922975059";"76.037.617.0-46";77
503;"Arthur  Cardoso  Brasil";"731303604";"10.403.503.8-92";81
504;"Bernardo  Azevedo Aparecido";"278335734";"82.865.150.1-56";148
505;"Maria Clara  Campos Arake";"035075209";"97.520.541.1-37";29
506;"Miguel  Magalhães   Magalhães ";"059473826";"00.336.124.3-31";37
507;"Davi  Queirós  Guimarães ";"854131708";"33.177.816.5-15";62
508;"Maria Cecília Aparecido  Macedo";"341088972";"03.278.319.7-29";96
509;"Laura  Correia Calado";"842589744";"12.771.566.7-67";171
510;"Vanessa  Queirós  Queirós";"862045314";"97.022.777.3-15";137
511;"Lucas Martins  Teixeira";"389427637";"92.085.077.8-86";13
512;"Marcelo  Guimarães  Almeida";"011053517";"77.719.889.9-00";24
513;"Helena Mesquita  Barros";"439246291";"00.998.274.6-94";190
514;"José dos Santos  Bahiense";"537041349";"21.701.348.4-80";155
515;"Laura  Costa  Costa";"424377134";"38.692.965.7-13";55
516;"Ana  Matos Aparecido";"217110506";"20.656.968.3-79";62
517;"Laura  Siqueira Pinhais";"930149793";"59.113.853.2-62";184
518;"Bernardo  Ribeiro Rodrigues";"983500825";"08.086.714.0-64";155
519;"Maria Alice  Barros Mesquita";"140873803";"18.305.846.8-05";56
520;"Arthur  Guimarães   Castro";"293225896";"64.553.135.6-71";130
521;"Samuel dos Santos  Ribeiro";"820575724";"12.382.674.1-73";159
522;"Ana  Macedo  Rocha";"241309144";"85.402.945.2-24";115
523;"Thiago  Siqueira  Barros";"231807721";"20.532.924.2-11";159
524;"Tamires  Matos  Siqueira";"632274897";"15.007.368.6-83";153
525;"Gabriel Arake  Azevedo";"197391077";"70.195.624.4-80";62
526;"Tamires  Brasil  Rocha";"583188147";"00.329.361.6-96";102
527;"José  Campos  Matos";"964922461";"07.979.708.3-92";6
528;"Heitor  Souza Arake";"106623450";"00.606.137.4-83";51
529;"Gabriela Kubitcheck dos Santos";"667451646";"35.817.211.0-28";117
530;"Ana  Guimarães   Magalhães ";"468028848";"36.286.665.3-40";127
531;"Arthur Almeida  Cardoso";"219994919";"61.491.818.5-34";189
532;"Vanessa  Costa Aparecido";"173652596";"86.509.595.6-23";123
533;"Maria Julia  Magalhães   Barros";"405213833";"51.634.584.7-93";181
534;"Bernardo  Siqueira  Pedreira";"107797641";"70.909.954.7-10";39
535;"João Miguel  Bahiense  Correia";"066197987";"55.871.900.3-05";6
536;"Maria Clara  Queirós Aparecido";"615837918";"75.324.529.3-75";187
537;"Tamires  Cardoso  Siqueira";"996833736";"61.088.735.1-28";3
538;"Gabriela Kubitcheck Almeida";"195110904";"14.165.555.6-30";150
539;"Heitor Almeida  Campos";"741759344";"85.740.250.8-18";106
540;"Luiza Silva Mesquita";"061923688";"24.835.932.6-63";74
541;"João Miguel Rodrigues  Bahiense";"236812102";"89.918.275.9-18";21
542;"Guilherme  Bahiense  Bahiense";"850772629";"80.912.390.2-88";87
543;"Maria Pinhais  Rocha";"225559442";"70.457.438.3-66";170
544;"Gabriela  Guimarães   Castro";"128748453";"64.146.746.3-21";97
545;"Ana  Teixeira  Campos";"767235490";"27.040.487.6-18";181
546;"Gabriel Oliveira  Serra";"153267137";"75.580.581.5-82";147
547;"Valentina  Macedo  Serra";"585144674";"95.439.819.9-12";116
548;"Tamires  Campos  Braga";"893238815";"49.197.400.2-18";58
549;"Marcelo  Barros  Costa";"815646999";"40.756.630.5-96";199
550;"Arthur Palmito Arake";"141908836";"73.545.989.1-20";41
551;"Valentina Calado  Queirós";"126216056";"96.065.294.9-06";61
552;"Thiago  Pedreira Rodrigues";"783503965";"21.587.787.2-88";65
553;"Alice Oliveira  Braga";"307711721";"92.768.066.8-90";89
554;"Helena  Souza Mesquita";"190827620";"45.142.881.4-15";25
555;"Laura Rodrigues  Serra";"824873662";"32.817.797.6-18";56
556;"Arthur  Castro  Bahiense";"775545189";"99.770.269.1-19";134
557;"Helena  Magalhães   Bahiense";"606929831";"61.401.041.8-25";43
558;"Marcelo  Braga  Guimarães ";"907888162";"46.747.737.1-36";14
559;"Raquel  Campos  Fontes ";"710455039";"09.073.676.2-84";179
560;"Valentina  Castro Calado";"535873799";"08.443.813.6-05";102
561;"Karla  Magalhães   Guimarães ";"758070040";"60.054.222.1-71";82
562;"Bernardo  Magalhães   Bahiense";"272372733";"62.136.216.5-11";136
563;"Marcela Mesquita  Ribeiro";"133759113";"01.509.691.0-65";53
564;"Ronaldo  Guimarães   Costa";"314610546";"59.587.995.9-06";153
565;"Aline  Macedo  Siqueira";"435498286";"23.051.267.4-52";168
566;"Samuel  Matos  Cardoso";"856162801";"11.668.041.1-87";144
567;"Marcela Kubitcheck dos Santos";"595808170";"23.341.214.2-83";28
568;"Davi  Correia  Castro";"146791462";"96.482.179.9-43";75
569;"Karla  Campos Calado";"028335884";"74.393.039.4-10";57
570;"Raquel Almeida Rodrigues";"908341314";"63.895.770.0-12";44
571;"Laura Oliveira  Matos";"349320286";"22.270.352.2-22";27
572;"Karla  Magalhães  Almeida";"110127331";"95.696.240.9-03";171
573;"Lucas  Azevedo Arake";"257911554";"40.736.900.4-98";52
574;"Miguel  Ribeiro  Serra";"539565900";"17.373.633.0-12";98
575;"Marcela  Ribeiro Calado";"177253295";"38.079.898.9-07";101
576;"Lucas  Ribeiro  Costa";"049294025";"94.524.625.5-58";98
577;"Tamires Rodrigues  Braga";"966699261";"59.182.271.1-27";169
578;"Gabriela dos Santos Palmito";"869205132";"95.151.318.1-55";135
579;"Lucas dos Santos  Castro";"118168028";"23.406.711.5-86";151
580;"Bernardo  Azevedo  Brasil";"693859074";"02.317.078.7-25";146
581;"Marcela Almeida  Magalhães ";"635710553";"53.382.565.4-87";185
582;"Valentina Sequeira  Ribeiro";"040891648";"55.072.662.0-83";33
583;"Luiza  Campos  Serra";"040446097";"83.802.875.4-06";109
584;"Laura  Ribeiro  Magalhães ";"039658726";"70.915.396.0-07";152
585;"Samuel Silva  Bahiense";"934641364";"22.712.517.5-49";106
586;"Helena  Castro  Correia";"021292267";"41.706.677.3-60";74
587;"Arthur Palmito Rodrigues";"035810451";"58.808.349.2-80";124
588;"Heloísa  Rocha  Souza";"179187454";"09.219.277.1-53";62
589;"Gael  Bahiense  Bahiense";"027060231";"84.005.976.4-48";156
590;"Aline Mesquita Pinhais";"486716764";"12.609.284.6-87";139
591;"Luiza Almeida  Magalhães ";"829699928";"08.741.682.5-86";35
592;"Sophia Kubitcheck Mesquita";"838410130";"50.758.865.8-21";5
593;"Heitor  Macedo  Serra";"555518975";"68.580.513.0-55";31
594;"Gael Rodrigues Martins";"500966472";"81.745.073.9-40";145
595;"Marcela Sequeira  Serra";"396547943";"21.567.854.8-21";55
596;"Ronaldo  Castro Arake";"770922746";"16.878.104.6-66";69
597;"Valentina  Azevedo Calado";"222923453";"70.733.984.5-74";169
598;"Luiza  Campos Almeida";"998676169";"07.505.421.3-21";192
599;"Samuel Palmito  Magalhães ";"619933099";"31.993.939.5-19";113
600;"Arthur  Serra  Rocha";"951574844";"59.395.517.2-22";5
601;"Heitor Palmito  Pedreira";"730396856";"19.718.358.2-85";10
602;"Maria Aparecido Kubitcheck";"830266750";"05.564.549.8-05";156
603;"Raquel Aparecido  Magalhães ";"960096939";"35.567.198.6-94";67
604;"João Miguel  Braga  Azevedo";"280314160";"67.026.740.7-18";22
605;"Karla  Barros  Magalhães ";"869154872";"52.579.923.9-21";76
606;"Alice Oliveira  Brasil";"546923189";"21.015.988.5-63";50
607;"Heloísa  Campos Almeida";"933289239";"78.304.873.6-57";179
608;"Viviane  Magalhães  Almeida";"856353141";"98.536.549.9-67";193
609;"Tamires Silva Aparecido";"085048781";"21.161.173.6-28";73
610;"Marcela Sequeira  Correia";"041338805";"87.310.538.8-42";198
611;"Marcelo  Barros  Braga";"058833657";"59.595.906.4-94";100
612;"Gabriela  Pedreira  Cardoso";"229569788";"84.691.192.8-39";65
613;"Aline  Ribeiro  Costa";"970275358";"62.245.404.0-73";35
614;"Heloísa Almeida  Pedreira";"168155230";"39.288.342.1-48";150
615;"Theo Almeida Pinhais";"158792925";"31.553.140.7-42";10
616;"Luiza Martins  Campos";"209916460";"79.996.559.0-40";27
617;"Samuel  Serra Kubitcheck";"836520230";"50.054.781.4-80";118
618;"Maria Julia  Guimarães  Pinhais";"380077116";"39.511.056.2-55";112
619;"Maria  Azevedo  Bahiense";"205559285";"89.753.660.1-09";144
620;"Bernardo  Campos  Queirós";"479570263";"49.629.836.4-28";187
621;"Maria Cecília  Braga  Correia";"913560286";"68.962.195.6-26";178
622;"Laura Mesquita  Rocha";"675521047";"91.733.776.3-79";110
623;"Bernardo  Queirós  Magalhães ";"739104639";"24.837.601.4-66";123
624;"Marcela  Cardoso  Macedo";"544254061";"83.280.217.2-53";183
625;"João Miguel dos Santos Palmito";"750350165";"30.694.927.1-77";144
626;"Alice Pinhais Mesquita";"006454042";"53.645.196.9-05";16
627;"Samuel Aparecido  Cardoso";"897326978";"32.519.980.2-66";82
628;"Raquel Pinhais  Fontes ";"223073911";"21.571.938.5-70";132
629;"Viviane Sequeira Almeida";"103389434";"16.102.150.3-00";91
630;"Bernardo  Braga  Costa";"894852772";"43.865.118.4-05";192
631;"Valentina Sequeira  Azevedo";"461563703";"73.252.445.9-61";80
632;"Raquel  Braga Mesquita";"838532272";"76.373.120.5-36";37
633;"Thiago Palmito  Serra";"229507705";"07.858.414.8-70";94
634;"Heloísa Kubitcheck Calado";"528675750";"00.709.286.3-12";141
635;"Maria Julia Oliveira  Castro";"480629824";"99.182.135.1-85";141
636;"Luiza  Souza  Campos";"495318143";"21.264.817.1-39";107
637;"Viviane  Guimarães  Palmito";"105597914";"21.869.381.1-05";27
638;"Heloísa Sequeira Mesquita";"652432251";"67.309.987.6-76";25
639;"Vanessa  Campos  Barros";"668747016";"46.567.910.0-64";58
640;"Gabriela Arake  Ribeiro";"941689452";"44.003.320.4-89";179
641;"Maria Clara  Bahiense  Costa";"435285304";"94.031.866.6-60";30
642;"Davi Almeida  Cardoso";"158534766";"61.378.254.5-17";121
643;"Laura  Rocha  Rocha";"449250719";"82.837.377.1-61";57
644;"Bernardo Kubitcheck  Campos";"845480359";"68.514.989.8-04";136
645;"Theo  Siqueira Calado";"206261679";"23.375.109.6-84";68
646;"Luiza dos Santos  Macedo";"547781202";"26.263.113.6-84";80
647;"Karla  Siqueira Rodrigues";"591538315";"63.634.192.2-63";188
648;"Raquel  Queirós  Matos";"247079760";"36.005.483.8-25";81
649;"Aline  Correia  Braga";"937913381";"60.761.317.7-56";158
650;"Maria Cecília  Bahiense Almeida";"197254245";"75.993.144.0-73";164
651;"Viviane  Teixeira  Bahiense";"961293045";"68.848.989.2-58";27
652;"João Miguel Calado  Rocha";"802837726";"60.461.583.0-86";82
653;"Maria Clara dos Santos  Cardoso";"645723246";"26.383.737.7-33";34
654;"Aline  Ribeiro Rodrigues";"712422847";"71.903.054.6-26";58
655;"Davi  Pedreira  Correia";"810196315";"71.355.901.2-32";31
656;"Valentina  Costa Pinhais";"272855823";"36.065.224.5-33";175
657;"Ronaldo Kubitcheck Martins";"337090087";"26.782.066.5-28";188
658;"Arthur Oliveira Kubitcheck";"539416684";"86.303.331.1-21";192
659;"Heloísa  Teixeira  Rocha";"603172631";"28.723.005.6-29";158
660;"Heloísa Arake  Bahiense";"314562368";"76.719.927.6-18";34
661;"Davi Oliveira  Rocha";"916527062";"12.232.497.7-46";195
662;"Marcelo  Rocha  Azevedo";"799286758";"44.094.210.7-73";122
663;"Helena  Matos  Rocha";"365238754";"43.062.425.9-55";143
664;"Viviane  Souza  Serra";"959263676";"20.287.917.4-38";52
665;"Maria Cecília  Brasil Almeida";"150878878";"41.414.470.7-48";47
666;"Maria Clara  Fontes   Guimarães ";"932233049";"34.002.526.2-24";2
667;"Helena  Ribeiro  Bahiense";"992829106";"23.399.128.3-29";197
668;"Gabriela Rodrigues  Brasil";"758872363";"76.892.753.2-85";181
669;"Bernardo Kubitcheck Almeida";"891950518";"25.642.758.1-21";131
670;"Arthur  Serra  Campos";"029832689";"27.997.881.0-36";59
671;"Marcela  Guimarães  Kubitcheck";"274757336";"77.003.550.9-29";116
672;"Helena Silva Oliveira";"977272151";"50.579.306.1-60";127
673;"João Miguel  Macedo  Campos";"780598722";"54.135.938.6-39";189
674;"Viviane  Cardoso Calado";"763198643";"89.612.591.9-50";7
675;"Luiza  Barros  Costa";"325644397";"51.731.909.2-85";104
676;"Eduardo Pinhais  Matos";"909264590";"59.104.535.8-74";25
677;"Aline  Brasil  Castro";"399248426";"37.629.171.5-68";21
678;"Helena  Magalhães   Guimarães ";"328318469";"45.354.135.9-21";187
679;"Guilherme  Ribeiro  Matos";"615955807";"00.276.946.0-49";58
680;"Valentina  Queirós  Costa";"955499147";"19.319.768.6-92";191
681;"Tamires  Fontes  Rodrigues";"505157105";"21.580.604.5-38";125
682;"Ronaldo Rodrigues  Queirós";"497918929";"66.908.933.5-14";36
683;"Guilherme  Teixeira  Magalhães ";"278197455";"92.394.600.8-14";33
684;"Maria Alice Arake  Ribeiro";"421314382";"42.386.720.4-83";163
685;"João Miguel  Brasil  Campos";"870916729";"57.304.405.4-60";26
686;"Lucas Arake Rodrigues";"003443900";"37.983.249.8-99";196
687;"Thiago  Campos  Pedreira";"307527125";"56.964.457.3-91";134
688;"Lucas  Barros  Teixeira";"876928983";"16.020.869.2-04";78
689;"Aline Sequeira Calado";"139904426";"93.553.972.8-53";24
690;"Raquel  Bahiense Pinhais";"079531766";"97.702.417.1-17";191
691;"Maria  Macedo  Ribeiro";"300768677";"51.049.591.5-61";144
692;"Alice  Braga  Correia";"063000929";"44.420.769.7-79";33
693;"Valentina dos Santos  Braga";"863202751";"91.030.633.0-52";61
694;"Bernardo dos Santos  Cardoso";"015247497";"58.892.464.1-11";95
695;"Laura  Brasil  Azevedo";"779555476";"71.500.101.1-11";190
696;"Maria Julia  Siqueira  Magalhães ";"561642925";"26.920.749.2-62";19
697;"José Oliveira  Brasil";"155762896";"31.518.539.8-82";124
698;"Valentina  Brasil Calado";"342690991";"14.876.289.0-19";126
699;"Miguel  Campos  Siqueira";"872656087";"33.497.799.9-55";25
700;"Gabriel Arake  Campos";"522532217";"38.561.797.9-99";187
701;"Arthur  Guimarães   Cardoso";"293338401";"72.172.087.0-75";70
702;"Samuel Silva  Magalhães ";"546172726";"45.472.523.8-74";78
703;"Karla  Azevedo Oliveira";"982384446";"56.227.179.1-45";141
704;"João Miguel  Matos  Ribeiro";"266320564";"41.228.483.7-81";44
705;"Eduardo  Pedreira  Teixeira";"172603287";"66.730.558.4-28";96
706;"Sophia Pinhais  Macedo";"054051732";"37.084.701.9-08";12
707;"Ana  Fontes  Aparecido";"002810995";"90.572.358.7-50";145
708;"Aline  Rocha Almeida";"491885969";"18.746.895.2-72";8
709;"Marcela Almeida  Ribeiro";"658034054";"29.739.723.4-66";25
710;"Guilherme  Siqueira Arake";"143498571";"93.236.380.3-70";178
711;"Maria Cecília Oliveira  Cardoso";"506093324";"97.918.412.8-83";150
712;"Valentina  Serra Silva";"731441523";"56.578.279.6-22";68
713;"João Miguel Calado  Souza";"361308901";"24.029.703.3-09";61
714;"Maria  Siqueira  Braga";"972935082";"74.683.307.8-89";97
715;"Lucas  Siqueira Sequeira";"145879717";"77.893.658.3-28";11
716;"Gabriel  Serra  Barros";"110971246";"31.719.577.0-00";65
717;"Luiza  Pedreira Rodrigues";"469696920";"99.597.824.3-26";59
718;"Theo Arake  Guimarães ";"687464189";"71.336.767.8-88";132
719;"Marcela  Magalhães  Almeida";"571372855";"09.224.653.2-56";12
720;"Arthur Pinhais Palmito";"379628808";"58.579.517.0-15";43
721;"Maria Clara  Braga Calado";"542235817";"92.367.381.4-14";71
722;"Aline  Magalhães   Queirós";"997974129";"38.111.459.6-99";15
723;"José  Costa  Cardoso";"789266245";"53.645.793.3-29";41
724;"Ronaldo Calado Silva";"368858424";"79.566.268.1-49";101
725;"Viviane Rodrigues  Azevedo";"700626753";"58.867.037.7-02";89
726;"Miguel  Castro Aparecido";"764576310";"59.984.670.1-05";163
727;"Viviane  Serra  Castro";"136637344";"64.880.084.7-87";27
728;"Eduardo  Siqueira Pinhais";"747600585";"29.694.862.6-97";63
729;"Sophia Palmito  Correia";"131084313";"35.522.939.7-11";123
730;"Laura  Barros  Ribeiro";"896281881";"92.145.969.6-41";115
731;"Eduardo  Azevedo Oliveira";"311572728";"23.686.354.4-77";165
732;"Heloísa  Matos  Azevedo";"822302852";"66.502.601.3-50";71
733;"Ronaldo  Teixeira  Siqueira";"699047320";"36.147.180.8-95";2
734;"Heloísa  Brasil Almeida";"124999808";"84.865.812.7-41";128
735;"Theo  Rocha  Cardoso";"379845717";"84.261.761.9-96";189
736;"Laura  Macedo  Macedo";"600931623";"84.456.383.1-49";110
737;"Bernardo  Cardoso  Braga";"972161416";"10.790.179.0-49";159
738;"Guilherme Silva  Castro";"504772157";"78.095.388.2-87";100
739;"Karla Mesquita Aparecido";"312781306";"84.902.196.7-77";65
740;"Maria Clara Mesquita  Castro";"677726183";"21.360.035.1-64";141
741;"Vanessa dos Santos  Pedreira";"222734401";"82.310.893.2-43";194
742;"Heitor Aparecido  Siqueira";"360430599";"85.075.085.8-91";147
743;"Helena  Ribeiro  Queirós";"644133500";"77.136.293.1-41";51
744;"Ana  Guimarães   Castro";"310050258";"07.603.494.8-21";21
745;"Ronaldo  Pedreira  Pedreira";"923690616";"58.680.619.3-67";157
746;"Alice  Rocha  Souza";"131127246";"92.582.031.2-50";142
747;"Heloísa  Bahiense  Rocha";"066780486";"58.935.883.9-18";133
748;"Alice Pinhais  Queirós";"958624169";"86.010.987.0-76";129
749;"Marcela Rodrigues Calado";"168396440";"71.411.848.2-15";68
750;"José Martins  Azevedo";"911513657";"84.811.530.6-47";66
751;"Valentina Mesquita  Azevedo";"345735439";"30.653.752.9-89";69
752;"Helena Mesquita  Azevedo";"920190561";"48.267.379.9-53";71
753;"Heitor  Costa  Ribeiro";"921357299";"55.243.080.2-29";105
754;"Thiago Mesquita Calado";"134089817";"80.299.249.9-42";6
755;"Heloísa  Queirós Mesquita";"396647164";"97.143.135.7-58";181
756;"Maria Mesquita  Bahiense";"126857195";"35.804.694.9-20";25
757;"Aline Mesquita Aparecido";"684142435";"71.146.254.7-99";150
758;"José  Teixeira Rodrigues";"368114299";"32.356.191.5-20";168
759;"Maria Clara  Barros Pinhais";"856510618";"10.552.951.1-67";184
760;"Sophia  Castro  Azevedo";"575273539";"19.763.703.4-99";25
761;"Valentina  Brasil Rodrigues";"154129745";"20.884.415.7-77";120
762;"Vanessa Arake Calado";"178778854";"30.486.414.9-66";64
763;"Viviane  Rocha Silva";"142045768";"66.107.135.0-83";127
764;"Tamires Pinhais  Brasil";"158344746";"89.344.897.7-85";165
765;"Ana  Fontes   Serra";"823239233";"67.125.333.0-54";14
766;"Heitor Arake Almeida";"136648655";"74.871.931.7-81";91
767;"Maria Clara  Queirós  Castro";"066388160";"79.758.268.3-01";17
768;"Heloísa  Correia  Bahiense";"264739916";"16.723.012.5-71";132
769;"Samuel  Guimarães   Brasil";"946883568";"28.751.189.2-44";118
770;"Karla dos Santos  Queirós";"735969972";"38.508.179.6-19";114
771;"Helena Arake Mesquita";"236002694";"69.957.061.0-39";65
772;"Laura  Brasil  Brasil";"189313501";"15.676.393.0-69";37
773;"Heitor  Serra  Pedreira";"228164886";"93.781.986.7-38";93
774;"Bernardo  Bahiense  Magalhães ";"693204303";"47.828.706.9-98";196
775;"Gael Aparecido Calado";"035053498";"65.381.362.0-17";132
776;"Maria Cecília Oliveira  Fontes ";"768883616";"51.019.628.3-85";96
777;"Maria Clara Martins  Castro";"380745599";"15.525.913.1-73";134
778;"Arthur Palmito Palmito";"866419284";"22.555.727.4-78";89
779;"Laura  Queirós  Matos";"439891486";"47.859.907.5-35";11
780;"Maria Julia  Ribeiro  Matos";"631996608";"91.181.061.6-59";96
781;"Luiza Martins  Macedo";"716094397";"83.277.278.4-99";26
782;"Samuel  Cardoso  Costa";"617156278";"87.843.789.3-79";124
783;"Maria Julia dos Santos  Castro";"793677820";"83.590.266.4-12";124
784;"Alice Almeida Oliveira";"712871301";"90.793.559.5-35";150
785;"Bernardo  Castro  Brasil";"810930037";"57.210.806.6-24";25
786;"Maria Clara Mesquita  Matos";"441189257";"54.146.608.1-55";105
787;"Laura  Campos  Fontes ";"912148236";"53.405.287.5-75";35
788;"Samuel Aparecido Arake";"902621651";"52.185.951.4-96";4
789;"Guilherme  Pedreira Silva";"574413770";"03.184.308.5-93";103
790;"Helena Mesquita Pinhais";"717357000";"22.461.405.4-95";165
791;"Helena Arake Arake";"222212126";"31.186.965.7-93";89
792;"Arthur  Bahiense Pinhais";"550169931";"97.698.388.1-00";149
793;"Laura  Fontes   Barros";"692267541";"20.740.886.5-09";142
794;"Gael  Siqueira  Campos";"623969565";"07.119.332.7-59";116
795;"Gael  Magalhães   Campos";"182876230";"63.696.444.6-34";174
796;"Maria Clara  Souza  Brasil";"976619890";"70.255.282.4-99";77
797;"Arthur  Brasil  Castro";"513447735";"51.070.580.5-34";153
798;"Ronaldo dos Santos  Barros";"079321930";"60.342.397.8-93";1
799;"Lucas  Queirós  Matos";"010829792";"18.186.459.7-33";71
800;"Theo Aparecido Almeida";"214590793";"00.556.060.7-78";72
801;"João Miguel  Souza  Campos";"931106502";"59.420.206.8-68";10
802;"Gael  Magalhães   Magalhães ";"049986082";"43.701.177.5-45";130
803;"Luiza  Queirós  Siqueira";"689600101";"37.310.181.0-06";106
804;"Maria  Queirós  Azevedo";"755970466";"89.146.854.1-36";99
805;"Maria Clara Silva  Brasil";"724247192";"64.367.083.6-00";153
806;"Karla  Teixeira Arake";"182658826";"20.447.521.1-57";189
807;"Valentina  Siqueira Aparecido";"856862848";"69.677.954.6-41";33
808;"João Miguel  Magalhães  Martins";"228950228";"77.220.294.1-07";52
809;"Gabriel Sequeira  Guimarães ";"507909077";"13.671.880.7-19";157
810;"Maria Clara Rodrigues  Pedreira";"018452456";"47.815.712.5-41";43
811;"Laura Almeida  Ribeiro";"020780636";"18.629.525.3-91";155
812;"Guilherme  Castro  Pedreira";"284684805";"62.851.024.9-89";52
813;"Gabriela Kubitcheck  Rocha";"511017899";"61.768.442.8-40";126
814;"Bernardo Mesquita  Brasil";"165755740";"56.753.486.7-36";144
815;"Raquel Aparecido  Azevedo";"797438229";"71.069.803.5-93";29
816;"Ana  Campos  Castro";"392801869";"10.285.034.7-68";50
817;"Luiza Silva  Teixeira";"974569317";"64.921.457.0-71";31
818;"Arthur  Brasil  Costa";"521986108";"59.094.668.0-69";138
819;"Maria Cecília Sequeira  Macedo";"449785367";"16.041.282.9-51";17
820;"Ronaldo  Magalhães  Silva";"029368969";"04.628.861.3-96";193
821;"Ronaldo  Souza Calado";"566181706";"44.275.565.3-99";144
822;"Maria Cecília  Azevedo  Rocha";"823839946";"98.521.522.5-01";170
823;"Ronaldo  Correia  Costa";"964044593";"73.945.012.1-83";85
824;"Samuel  Campos  Rocha";"392640038";"24.882.933.7-17";143
825;"Ronaldo  Fontes   Castro";"033674062";"21.070.183.2-13";120
826;"Bernardo Aparecido Rodrigues";"249377652";"49.665.248.1-12";197
827;"Sophia  Serra  Ribeiro";"529200495";"76.229.011.1-56";79
828;"Laura Mesquita Silva";"955375761";"10.625.415.5-34";41
829;"Tamires Rodrigues  Macedo";"409731425";"72.962.141.8-01";27
830;"Miguel Rodrigues  Siqueira";"150418782";"89.104.952.3-89";10
831;"Gabriel  Rocha  Guimarães ";"279699246";"77.060.950.1-38";184
832;"Valentina  Braga  Matos";"754278512";"46.212.896.9-94";15
833;"Tamires  Matos  Cardoso";"680511960";"36.150.907.5-13";115
834;"Raquel  Siqueira Almeida";"597792580";"19.074.487.5-15";75
835;"Raquel dos Santos  Campos";"240512310";"60.720.580.6-73";148
836;"Marcela Calado  Fontes ";"835666559";"59.553.480.4-65";164
837;"Arthur  Souza  Magalhães ";"635777066";"61.613.759.5-61";200
838;"Marcela  Magalhães  Martins";"738360114";"04.547.103.5-60";39
839;"Marcela Mesquita  Azevedo";"768205817";"15.920.436.5-68";139
840;"Heitor  Souza  Magalhães ";"381246104";"27.592.007.7-71";99
841;"Heloísa Aparecido  Bahiense";"254524178";"67.892.757.2-75";33
842;"Ana  Castro  Matos";"981195056";"06.809.757.6-48";19
843;"Miguel Palmito  Matos";"307356295";"54.002.497.3-79";52
844;"Aline Palmito  Bahiense";"530999306";"30.915.514.7-39";126
845;"Raquel  Ribeiro  Costa";"314219929";"17.425.454.9-12";165
846;"Heitor  Souza Rodrigues";"886158392";"13.869.971.7-89";68
847;"Vanessa  Ribeiro Oliveira";"749315357";"52.534.576.5-17";36
848;"Raquel Pinhais Sequeira";"338000105";"83.707.952.7-65";148
849;"Laura Sequeira  Siqueira";"249260842";"21.105.704.6-61";85
850;"Maria Clara Aparecido  Rocha";"642866850";"05.889.761.2-77";124
851;"Theo  Ribeiro Kubitcheck";"924041611";"36.331.413.8-99";197
852;"Bernardo Almeida Arake";"332185279";"66.644.345.4-94";199
853;"Sophia Almeida  Campos";"565149397";"51.099.239.7-69";42
854;"Thiago  Fontes   Magalhães ";"540629131";"29.729.319.1-36";80
855;"Sophia Silva  Matos";"281036332";"15.867.297.4-72";146
856;"Maria Calado  Souza";"641707500";"14.447.229.3-65";52
857;"Bernardo  Correia Rodrigues";"892812793";"93.144.594.1-74";137
858;"Luiza Pinhais Oliveira";"724907912";"61.233.349.4-24";111
859;"Bernardo  Campos  Fontes ";"053869851";"94.494.554.6-79";63
860;"Luiza  Macedo Palmito";"267902244";"76.946.866.5-09";161
861;"Vanessa Aparecido  Azevedo";"927610302";"38.995.684.4-76";124
862;"Raquel  Brasil  Macedo";"044104174";"93.436.162.8-02";143
863;"Gabriel  Ribeiro  Pedreira";"261973400";"04.452.189.7-93";113
864;"João Miguel  Teixeira Almeida";"211393551";"00.850.341.9-20";169
865;"Maria Cecília  Campos  Serra";"963221510";"52.295.522.2-09";168
866;"Marcelo  Matos  Magalhães ";"520573227";"74.356.415.8-61";66
867;"Marcelo  Castro Martins";"797737822";"99.623.044.9-03";5
868;"Thiago Aparecido Aparecido";"878512043";"72.347.905.8-35";24
869;"Vanessa Palmito  Pedreira";"537971536";"18.421.855.6-15";51
870;"Theo  Guimarães   Bahiense";"618669163";"79.767.510.6-95";116
871;"Heitor  Magalhães  Calado";"667819499";"33.212.309.0-98";12
872;"Miguel Silva  Bahiense";"425483746";"56.304.076.6-97";72
873;"Heloísa Oliveira  Siqueira";"974018164";"32.836.105.4-67";5
874;"Davi  Magalhães   Bahiense";"749087219";"57.746.880.7-57";92
875;"Heitor  Cardoso  Ribeiro";"497422413";"32.798.041.7-25";125
876;"Vanessa  Bahiense  Magalhães ";"463888586";"67.065.996.0-34";153
877;"Gabriela  Ribeiro  Matos";"646266878";"85.065.108.5-34";179
878;"Gael  Magalhães   Rocha";"587096744";"04.402.502.2-88";17
879;"Miguel  Braga  Bahiense";"586963590";"46.620.558.7-80";138
880;"Arthur Palmito  Queirós";"257352051";"77.362.851.8-51";135
881;"Maria Alice  Matos Mesquita";"359058110";"62.077.697.2-92";20
882;"Sophia Martins  Bahiense";"542313698";"98.442.575.6-88";123
883;"José dos Santos  Queirós";"648407337";"18.627.608.9-32";168
884;"Marcela Arake  Macedo";"089372408";"62.632.661.0-65";23
885;"José  Rocha  Ribeiro";"838133985";"28.127.719.3-06";188
886;"Maria Julia  Castro  Campos";"143882753";"92.184.909.5-80";61
887;"Heitor  Magalhães   Pedreira";"555179319";"79.927.370.5-42";54
888;"Samuel  Souza  Brasil";"657579630";"38.558.762.8-11";130
889;"Maria Aparecido  Macedo";"495412823";"05.293.957.5-32";136
890;"Ana  Macedo  Matos";"309246704";"03.741.740.8-08";157
891;"Viviane  Cardoso  Guimarães ";"387984709";"79.766.676.6-72";6
892;"Heitor Sequeira  Barros";"188837789";"13.495.127.4-41";103
893;"Marcela  Rocha Mesquita";"529190742";"18.385.586.7-78";91
894;"Gabriel  Cardoso  Bahiense";"892787980";"82.159.217.7-13";145
895;"Samuel  Barros  Correia";"333531268";"81.951.793.9-71";128
896;"José  Souza  Souza";"226690779";"86.878.948.3-78";82
897;"Heloísa  Guimarães   Ribeiro";"347238620";"26.915.848.8-61";130
898;"Alice Pinhais  Souza";"832926203";"40.818.784.1-11";145
899;"Vanessa  Teixeira Pinhais";"442202665";"03.148.692.0-92";98
900;"Maria Julia  Costa  Barros";"375121818";"64.006.495.5-93";196
901;"Eduardo Aparecido Martins";"863875353";"28.904.771.7-27";5
902;"Gael  Brasil  Cardoso";"595766417";"60.482.932.4-37";187
903;"Ronaldo  Bahiense  Guimarães ";"738981872";"02.857.369.5-18";135
904;"Karla  Rocha  Costa";"220964872";"99.986.472.5-01";46
905;"Davi  Magalhães   Brasil";"231058977";"83.653.779.5-17";14
906;"Luiza Aparecido  Ribeiro";"416026282";"06.825.758.4-75";184
907;"Samuel  Magalhães  Arake";"125287835";"68.763.708.9-88";66
908;"Thiago  Serra  Costa";"567161778";"35.502.507.3-94";46
909;"Arthur  Serra Aparecido";"781853702";"24.360.952.3-15";47
910;"Maria Silva  Pedreira";"297052860";"62.958.405.2-62";190
911;"Lucas  Barros Calado";"317658499";"87.095.247.8-99";157
912;"Heloísa  Brasil Pinhais";"419343809";"67.498.136.7-79";100
913;"Arthur Silva  Correia";"561282199";"66.773.383.8-71";19
914;"Heitor Aparecido  Macedo";"281589637";"44.700.522.2-04";52
915;"Sophia  Brasil  Guimarães ";"622904154";"76.741.848.3-10";19
916;"Valentina Sequeira  Macedo";"536321948";"92.006.506.6-97";65
917;"Raquel Palmito  Braga";"098215350";"24.863.275.6-30";152
918;"Lucas Sequeira  Correia";"510976280";"34.682.577.5-70";132
919;"Viviane  Magalhães   Pedreira";"732754097";"53.236.214.1-34";36
920;"Maria Alice Sequeira  Ribeiro";"907789420";"78.051.396.4-17";182
921;"Maria Clara  Guimarães   Queirós";"422760586";"49.658.377.5-46";191
922;"Valentina  Cardoso Kubitcheck";"966162161";"13.307.224.8-58";1
923;"Marcelo  Guimarães   Barros";"055854443";"79.671.211.3-55";155
924;"José  Souza  Azevedo";"823205899";"07.289.925.6-93";84
925;"Miguel dos Santos  Rocha";"232923178";"97.365.616.5-62";4
926;"Ronaldo  Souza  Castro";"007198790";"72.458.225.1-76";51
927;"Viviane  Braga  Fontes ";"440547516";"76.967.030.7-63";30
928;"Marcela  Magalhães   Campos";"979643814";"36.337.001.9-45";160
929;"Viviane Mesquita  Ribeiro";"730180604";"17.984.747.3-81";150
930;"Helena  Brasil Almeida";"787594136";"77.536.225.6-50";167
931;"Lucas  Matos Aparecido";"194563705";"78.398.299.0-98";129
932;"Marcelo Martins  Souza";"215256986";"16.491.273.1-65";61
933;"Gabriela  Matos Rodrigues";"791060962";"83.165.446.6-24";117
934;"Maria Clara  Pedreira  Braga";"764954383";"66.196.708.4-02";111
935;"Thiago  Castro  Fontes ";"271389252";"94.277.665.7-52";141
936;"Helena  Azevedo  Costa";"146521766";"60.576.324.0-89";84
937;"Maria Alice Calado  Magalhães ";"204047350";"54.192.856.3-72";44
938;"Miguel Pinhais  Queirós";"542323808";"62.737.640.6-91";190
939;"Valentina Silva  Fontes ";"271803083";"35.806.778.6-15";109
940;"Maria Cecília  Costa Palmito";"466399683";"32.618.776.7-55";147
941;"Maria Clara  Barros  Fontes ";"043220141";"68.146.489.3-04";35
942;"Gabriela Almeida Almeida";"677674405";"66.441.413.1-35";101
943;"Maria Clara Kubitcheck  Correia";"816297515";"03.410.461.1-71";73
944;"Tamires  Siqueira  Barros";"048940637";"40.575.940.3-31";59
945;"Marcelo Martins  Costa";"737919042";"96.962.653.0-51";3
946;"Laura  Castro Silva";"417840977";"19.218.106.4-14";151
947;"Eduardo  Costa  Correia";"364278019";"79.361.597.2-20";72
948;"Marcelo Martins  Queirós";"560685754";"83.340.999.9-86";157
949;"Viviane dos Santos Silva";"407341765";"30.926.214.4-00";182
950;"Eduardo dos Santos  Correia";"379328299";"29.020.334.1-60";11
951;"Karla  Macedo  Queirós";"432291635";"26.759.376.3-28";106
952;"Ana  Castro  Magalhães ";"835442645";"92.345.883.1-07";38
953;"Karla Kubitcheck  Macedo";"841136243";"70.055.004.5-60";161
954;"Theo Oliveira Arake";"002873635";"55.058.687.9-19";192
955;"Bernardo Oliveira Rodrigues";"190249734";"98.138.667.7-50";9
956;"Davi Martins  Siqueira";"106207876";"82.661.902.3-24";182
957;"Maria Clara Rodrigues Rodrigues";"797027476";"53.579.962.0-77";185
958;"Helena Palmito  Pedreira";"200209720";"53.650.488.7-69";186
959;"Eduardo  Costa Mesquita";"713228990";"61.460.450.1-84";145
960;"Gael Kubitcheck  Campos";"972370182";"56.625.623.4-96";117
961;"Bernardo  Guimarães   Campos";"044226789";"73.770.549.8-68";168
962;"Eduardo  Ribeiro Silva";"704229425";"51.591.364.7-29";84
963;"Ronaldo  Macedo Mesquita";"563726591";"24.293.524.3-00";172
964;"Bernardo Kubitcheck  Matos";"526111304";"67.920.471.5-30";79
965;"Alice  Guimarães   Fontes ";"739712707";"17.799.401.3-72";19
966;"Gael  Serra  Brasil";"875338212";"26.028.490.8-11";15
967;"Maria Clara  Azevedo Pinhais";"042287266";"54.546.561.3-42";174
968;"Guilherme  Queirós Pinhais";"475334844";"70.756.073.8-78";87
969;"Guilherme  Guimarães   Braga";"384838179";"29.655.864.3-13";46
970;"Alice  Castro Arake";"883133192";"80.721.567.6-22";85
971;"Guilherme Oliveira Mesquita";"944148210";"99.013.476.1-62";189
972;"Valentina Kubitcheck  Queirós";"616611348";"30.627.740.4-28";177
973;"Valentina  Serra  Barros";"330862425";"78.649.043.6-90";125
974;"Arthur  Macedo  Matos";"924751956";"23.963.160.3-23";57
975;"Guilherme Pinhais Silva";"325764785";"98.635.663.3-05";74
976;"Gabriela  Matos Calado";"516228755";"42.732.434.9-22";128
977;"Gabriel Silva  Siqueira";"299346568";"93.365.605.5-53";176
978;"Marcela  Queirós Kubitcheck";"582807660";"12.593.792.4-76";149
979;"Samuel  Magalhães   Barros";"482775186";"57.835.693.6-59";26
980;"Sophia  Teixeira  Correia";"125982860";"90.786.938.3-18";134
981;"Maria Clara  Matos  Braga";"858901788";"56.312.003.4-89";82
982;"Davi Martins  Ribeiro";"594860521";"71.222.498.6-20";15
983;"Helena Aparecido  Fontes ";"046719341";"89.775.273.2-67";139
984;"Marcelo Kubitcheck  Cardoso";"786649963";"14.864.936.5-98";61
985;"Vanessa  Macedo Mesquita";"332777037";"49.691.091.6-25";166
986;"Laura  Macedo  Serra";"584790058";"47.345.850.9-42";75
987;"João Miguel  Serra  Campos";"827872882";"00.692.926.1-15";113
988;"Marcela  Brasil  Braga";"256611439";"33.559.531.5-91";189
989;"Thiago  Macedo  Ribeiro";"886053483";"98.538.192.6-45";130
990;"Tamires Oliveira  Queirós";"168555329";"76.115.724.8-39";29
991;"Maria Clara Aparecido Aparecido";"504601454";"07.574.394.7-09";69
992;"Karla Silva Silva";"446666229";"55.190.087.9-27";196
993;"Sophia Sequeira Rodrigues";"310221874";"97.381.995.0-75";91
994;"Thiago  Magalhães   Costa";"915068921";"29.012.437.5-32";169
995;"Heitor  Siqueira Silva";"099689017";"93.164.192.4-81";18
996;"Viviane  Matos  Braga";"424431138";"88.075.676.0-11";174
997;"José  Castro  Campos";"655123938";"63.694.120.6-13";64
998;"Guilherme  Siqueira  Matos";"668827201";"62.456.749.6-40";26
999;"Eduardo  Guimarães  Rodrigues";"045585953";"94.755.352.9-76";120
