Marcelo Siqueira Costa;"212506656";"17.607.741.7-08"
Gabriela Campos Pedreira;"560233810";"63.020.132.2-18"
Osvaldo Calado Sequeira;"579398768";"75.198.432.6-29"
Davi Pedreira Ribeiro;"202075186";"88.902.986.0-40"
Davi Pinhais Pinhais;"332798807";"25.642.416.0-76"
Laura Sequeira Pirágine;"268187795";"48.351.253.3-71"
Heitor Calado Campos;"524858998";"16.899.491.1-84"
Eduardo Brasil Azevedo;"828030407";"19.659.741.5-74"
Gael Campos Braga;"533474076";"14.638.953.5-54"
Renato Guimarães Almeida;"265026819";"39.475.214.3-68"
Maria Julia Magalhães Braga;"766275898";"05.168.182.0-97"
Gabriela Bahiense Silva;"626943788";"80.583.838.9-35"
Guilherme Arake Sequeira;"327663685";"70.612.198.6-72"
Aline Campos Ribeiro;"869348783";"71.851.014.6-29"
Luiza Castro Cardoso;"990445716";"26.631.470.4-52"
Priscila Campos Guimarães;"078375051";"54.326.522.6-35"
Priscila Cardoso Ataíde;"369575700";"48.624.596.7-51"
Thiago Pirágine Bahiense;"878132869";"20.759.657.5-21"
Maria Clara Castro Costa;"603165358";"76.493.562.9-61"
João Miguel Ataíde Ataíde;"456881078";"46.829.851.7-46"
Adriana Ataíde Serra;"080748832";"18.434.524.1-84"
Helena Martins Serra;"468164198";"94.280.281.8-24"
Fernando Braga Ataíde;"215295113";"60.937.266.6-96"
Arthur Azevedo Azevedo;"280753326";"18.623.736.9-20"
Sophia Pinhais Correia;"564744070";"18.699.296.1-81"
Maria Osti Fontes;"735816824";"13.755.780.6-06"
Maria Julia Ribeiro Serra;"921903284";"17.019.149.4-95"
Arthur Castro Arake;"052141076";"11.918.156.8-84"
Guilherme Kubitcheck Fontes;"018991108";"98.154.526.9-89"
Thiago Teixeira Almeida;"328003753";"70.686.017.0-83"
Raquel Souza Serra;"803060369";"10.363.620.3-53"
Maria Alice Magalhães Braga;"378357665";"97.430.467.8-90"
Alice Braga Pirágine;"909299067";"86.622.528.1-29"
Eduardo Siqueira Serra;"753097486";"39.654.436.2-20"
Samuel Arake Souza;"038353304";"76.895.200.7-37"
Maria Clara Arake Siqueira;"892779270";"33.738.149.8-86"
Basílio Everundo Campos;"615237592";"85.910.034.8-60"
Bernardo Teixeira Everundo;"951358222";"36.536.555.0-06"
Heitor Ataíde Serra;"130250980";"43.745.522.2-30"
Eugênio Silva Costa;"458504013";"49.818.009.2-94"
Renato Rocha Aparecido;"789683285";"17.835.920.2-53"
Arthur Ribeiro Correia;"893161084";"18.255.392.0-63"
Bernardo Mesquita Teixeira;"431825926";"87.912.962.3-75"
Maria Cecília Pedreira Bahiense;"400072682";"19.204.160.7-96"
Maria Clara Aparecido Souza;"506664993";"68.459.682.3-36"
Heitor Barros Everundo;"625281596";"43.809.019.1-15"
Samuel Costa Arake;"422398273";"68.215.121.7-26"
Wagner Magalhães Costa;"039516041";"44.886.756.5-89"
Maria Clara Arake Campos;"739553797";"82.466.038.8-60"
Fernanda Calado Serra;"829454769";"55.212.533.7-16"
Mariana Pedreira Serra;"235502414";"88.915.079.4-15"
Samuel Souza Braga;"404139633";"71.128.228.0-18"
Adriana Ataíde Ribeiro;"207201952";"48.273.917.5-76"
Thiago Silva Barros;"072849508";"67.276.265.3-38"
Maria Cecília Campos Serra;"022110420";"67.698.270.6-03"
Thiago Correia Osti;"083998329";"90.004.157.3-08"
Theo Barros Guimarães;"181894939";"81.671.432.0-33"
Ronaldo Everundo Arake;"112793398";"37.577.242.5-69"
Guilherme Palmito Ataíde;"633804830";"78.367.130.5-75"
Renato Ataíde Pirágine;"537180867";"77.195.542.4-63"
Gabriel Pinhais Azevedo;"758967593";"53.761.979.2-88"
Marcelo Rocha Souza;"037019958";"84.142.203.6-28"
Helena Campos Barros;"106298644";"65.093.682.6-99"
Aline Siqueira Calado;"447037269";"65.745.154.9-45"
Sophia Pirágine Matos;"308228493";"37.720.973.3-42"
Renato Cardoso Pinhais;"567272069";"34.650.194.5-85"
Fernando Oliveira Mesquita;"676530492";"79.558.255.3-19"
Theo Aparecido Correia;"037411559";"13.094.832.8-51"
Laura Campos Castro;"428499308";"06.439.509.2-80"
Aline Silva Ribeiro;"701818156";"30.743.461.7-99"
José Oliveira Ataíde;"892473299";"89.415.054.7-85"
Mariana Palmito Palmito;"553289455";"54.557.579.4-08"
Arthur Pedreira Osti;"424973601";"15.818.535.8-79"
Alice Barros Palmito;"425152194";"56.611.862.2-54"
Bernardo Pinhais Guimarães;"845395195";"45.054.622.3-06"
Fernando Martins Mesquita;"348883950";"77.651.165.4-94"
Luiza Francischetti Ribeiro;"927752238";"53.340.659.7-78"
Eduardo Francischetti Barros;"337092696";"36.078.450.1-82"
Davi Calado Calado;"577593886";"60.911.308.3-56"
Miguel Azevedo Queirós;"744832064";"44.311.082.8-80"
Guilherme Calado Barros;"133283298";"46.248.253.6-44"
Miguel Mesquita Correia;"532212994";"07.221.646.2-21"
Tamires Everundo Cardoso;"738940878";"55.014.396.2-39"
Eugênio Ribeiro Pirágine;"998632768";"71.546.575.6-80"
Maria Clara Arake Magalhães;"442913468";"14.301.004.9-27"
Maria Julia Pirágine Ataíde;"210980928";"13.437.700.7-31"
Priscila Bahiense Azevedo;"308712286";"10.711.022.6-44"
Heloísa Oliveira Mesquita;"821414060";"00.277.056.1-21"
Fernanda Barros Ribeiro;"575598405";"74.270.493.7-06"
Fernanda Ribeiro Rocha;"725471130";"02.238.446.9-17"
Valentina Barros Campos;"893437439";"07.703.429.8-75"
Adriana Rocha Queirós;"068625026";"05.804.746.0-71"
Fernando Castro Pirágine;"325121798";"95.683.234.5-07"
Vanessa Pirágine Matos;"856340201";"64.449.165.3-82"
Valentina Bahiense Osti;"749416524";"11.907.282.3-78"
Valentina Magalhães Matos;"848573444";"26.794.895.0-88"
Guilherme Silva Siqueira;"706026012";"65.172.515.8-65"
Guilherme Correia Ribeiro;"629747745";"36.540.123.5-80"
Davi Magalhães Pedreira;"723699192";"62.621.291.1-06"
Wagner Barros Sequeira;"074950401";"80.890.447.4-66"
Tamires Costa Brasil;"390464184";"67.280.892.5-97"
Mariana Azevedo Teixeira;"440000174";"18.532.114.2-83"
Marcelo Francischetti Everundo;"787518824";"60.925.959.2-66"
Laura Calado Queirós;"705737461";"58.913.051.4-11"
Basílio Braga Braga;"696953017";"43.500.576.0-79"
Vanessa Castro Costa;"423522137";"69.246.875.8-47"
Gael Macedo Campos;"025788443";"25.973.664.8-70"
Helena Cardoso Serra;"458861975";"68.671.439.3-85"
Heitor Ribeiro Azevedo;"457542859";"01.704.982.6-30"
Guilherme Barros Queirós;"373015527";"50.784.172.7-50"
Basílio Castro Pirágine;"063436518";"70.719.910.2-13"
Sophia Almeida Serra;"953032020";"08.686.124.9-36"
Wagner Macedo Aparecido;"660724753";"74.452.427.5-20"
Ronaldo Teixeira Pinhais;"236136829";"63.368.068.0-11"
Marcelo Barros Rodrigues;"414917167";"74.073.200.1-94"
Arthur Rocha Calado;"204373118";"84.776.555.4-70"
Ronaldo Ribeiro Ribeiro;"317990590";"94.382.478.1-95"
Fernando Arake Souza;"317721298";"16.881.584.6-30"
Eduardo Campos Bahiense;"947382621";"55.071.863.9-59"
Maria Fontes Braga;"252638795";"29.042.617.6-56"
Thiago Kubitcheck Pinhais;"924288406";"98.923.749.7-32"
Ana Souza Pirágine;"230515278";"62.785.851.7-26"
Fernando Costa Costa;"404920881";"09.060.629.8-07"
Ronaldo Pirágine Serra;"093215096";"85.758.913.3-09"
José Costa Osti;"813892627";"30.736.045.6-97"
Lucas Castro Rodrigues;"371634388";"14.988.177.9-90"
Luiza Pirágine Everundo;"329217765";"08.173.372.6-24"
Eugênio Aparecido Almeida;"538548209";"61.901.487.3-90"
Priscila Rocha Arake;"613872959";"82.010.669.9-69"
Viviane Guimarães Ribeiro;"486407439";"88.021.336.2-64"
Gabriela Palmito Braga;"056950683";"99.962.351.4-11"
Osvaldo Magalhães Ribeiro;"359022596";"05.073.011.0-56"
Laura Almeida Rodrigues;"162051148";"20.812.357.0-54"
Bernardo Calado Cardoso;"235186460";"38.099.234.0-89"
Marcelo Bahiense Serra;"529163977";"08.670.825.8-47"
Renato Rodrigues Braga;"236643447";"58.062.174.5-27"
Raquel Siqueira Osti;"886779729";"95.552.267.3-27"
Basílio Barros Ribeiro;"687514603";"20.938.441.4-41"
Viviane Brasil Azevedo;"346988606";"58.975.048.5-09"
Osvaldo Pirágine Brasil;"286150824";"04.846.034.8-14"
Maria Cecília Osti Macedo;"512142347";"67.256.168.5-98"
Maria Alice Costa Campos;"197663454";"03.891.597.3-10"
Eugênio Azevedo Cardoso;"120558799";"07.464.265.5-92"
Laura Serra Souza;"774188625";"27.894.617.7-05"
Osvaldo Barros Matos;"613651746";"94.999.964.2-07"
Fernando Braga Siqueira;"407791729";"70.421.704.9-76"
Thiago Sequeira Francischetti;"897450350";"71.616.101.5-90"
Sophia Costa Arake;"353217725";"74.048.948.9-14"
Davi Everundo Palmito;"665924675";"09.770.335.1-01"
Marcela Arake Rocha;"804554761";"81.307.754.5-98"
Laura Queirós Aparecido;"270646920";"84.490.208.7-87"
Bernardo Queirós Bahiense;"001881790";"82.450.044.3-18"
Mariana Teixeira Osti;"209111701";"79.657.464.3-95"
Samuel Ribeiro Ataíde;"059983456";"89.890.993.8-89"
Theo Costa Ribeiro;"749611586";"49.820.163.7-28"
Heitor Brasil Almeida;"806559156";"86.536.244.5-81"
Osvaldo Osti Azevedo;"360081168";"90.806.786.9-21"
Tamires Calado Teixeira;"316306556";"77.852.030.3-21"
Ronaldo Almeida Almeida;"107923417";"24.609.652.0-89"
Heloísa Rodrigues Bahiense;"671038763";"08.049.702.9-40"
Eduardo Macedo Rocha;"201472076";"51.081.794.3-66"
Maria Julia Francischetti Osti;"221148632";"37.360.482.7-38"
Osvaldo Oliveira Sequeira;"670466572";"84.028.007.8-11"
Vanessa Mesquita Bahiense;"546924558";"70.965.264.0-57"
Samuel Campos Correia;"084714977";"43.288.746.1-36"
Gael Rodrigues Rocha;"646101044";"65.723.982.2-41"
Gael Palmito Rodrigues;"583953202";"90.221.508.2-50"
Adriana Cardoso Barros;"761597788";"39.009.028.2-22"
Fernando Braga Osti;"204287073";"95.887.406.2-57"
Wagner Pedreira Guimarães;"390620388";"60.351.768.7-43"
Wagner Francischetti Brasil;"216103952";"04.759.183.7-04"
Alice Macedo Magalhães;"506445425";"74.524.692.0-70"
Tamires dos Santos Rodrigues;"441211215";"39.982.971.3-45"
Miguel Siqueira Magalhães;"624475085";"97.186.323.9-47"
Gabriela Sequeira Fontes;"232734147";"50.137.027.6-15"
Maria Clara Aparecido Rodrigues;"594952528";"55.707.387.2-35"
Eduardo Oliveira Queirós;"662761111";"72.121.254.1-67"
Marcela Fontes Queirós;"418894221";"05.089.330.0-56"
Gabriel Everundo Teixeira;"507143748";"34.608.527.1-94"
Maria Cecília Ribeiro Fontes;"845114056";"59.286.975.0-36"
Wagner Costa Ribeiro;"238240375";"08.273.536.1-32"
Theo Oliveira Osti;"224766681";"91.098.770.8-17"
Heitor Serra Macedo;"744612796";"06.966.347.0-20"
Eugênio Silva Pedreira;"743095671";"60.470.589.4-10"
Eduardo Sequeira Castro;"605463975";"18.738.122.4-95"
Gael Rodrigues Braga;"546807676";"23.763.200.0-22"
Maria Alice Campos Campos;"757700379";"75.572.937.5-12"
Osvaldo Pedreira Fontes;"073925443";"43.832.998.1-54"
Theo Almeida Mesquita;"850701174";"31.066.144.8-84"
Fernando Silva Rodrigues;"505791424";"51.001.793.8-49"
Osvaldo Magalhães Pinhais;"855452838";"11.709.254.8-74"
Mariana Souza Barros;"777086420";"18.743.433.2-79"
Maria Cecília Azevedo Everundo;"231172430";"46.432.036.9-85"
Heitor Ataíde Osti;"047815422";"12.611.012.4-22"
Marcelo Oliveira Rocha;"329067267";"43.575.536.7-46"
Theo Silva Everundo;"601265212";"94.334.266.9-36"
Eugênio Rodrigues Everundo;"562198472";"31.032.481.1-71"
Gabriel Aparecido Castro;"980682235";"32.586.387.2-18"
Maria Julia Pedreira Rodrigues;"328006576";"18.835.312.8-11"
Osvaldo Queirós Campos;"953841608";"46.510.719.7-99"
Fernando Arake Guimarães;"780510008";"29.351.617.8-37"
Wagner Pedreira Ataíde;"909017553";"74.088.826.8-34"
Gabriela Rodrigues Correia;"971822874";"43.412.399.0-20"
Davi Ataíde Castro;"217249059";"83.144.882.6-17"
Thiago Teixeira Aparecido;"672734918";"29.556.898.1-04"
Adriana Siqueira Magalhães;"861345891";"63.846.345.9-11"
Mariana Arake Siqueira;"343710530";"66.366.210.2-76"
Vanessa Rodrigues Serra;"446677271";"11.815.741.3-10"
Maria Alice Pirágine Aparecido;"573746974";"85.490.378.2-71"
Lucas Cardoso Siqueira;"119981765";"92.540.637.1-16"
Adriana Azevedo Calado;"254333551";"30.713.140.8-50"
Helena Barros Arake;"427339244";"12.735.187.3-31"
Maria Clara Oliveira Mesquita;"676824345";"49.512.290.9-12"
Guilherme Brasil Queirós;"612692524";"13.839.529.1-69"
Guilherme Bahiense Rocha;"027478094";"18.585.164.4-38"
Maria Cecília Palmito Matos;"339692443";"48.420.893.9-97"
Maria Pedreira Queirós;"381955165";"11.984.118.8-01"
Osvaldo Azevedo Pinhais;"342138357";"87.693.716.0-11"
Osvaldo Ataíde Calado;"556037666";"23.474.450.8-54"
Maria Cecília Fontes Brasil;"418644807";"28.908.045.0-51"
Arthur Francischetti Cardoso;"542254997";"50.407.379.6-96"
Priscila Brasil Azevedo;"922416299";"60.703.621.2-45"
Davi Palmito Queirós;"282193455";"16.503.151.1-74"
José Rodrigues Brasil;"398599539";"02.167.241.8-06"
Guilherme Ataíde Queirós;"867600125";"62.343.935.8-58"
Osvaldo Ribeiro Correia;"795801960";"15.852.023.2-56"
Guilherme Braga Pinhais;"165726629";"49.386.575.5-51"
Maria Cecília Pirágine Mesquita;"900617542";"40.085.294.5-18"
Alice Barros Serra;"649332226";"62.049.440.8-71"
Arthur Pirágine Francischetti;"059620807";"62.724.510.3-15"
Gabriela Siqueira Teixeira;"863136994";"56.014.088.8-96"
Adriana Kubitcheck Souza;"572028311";"02.564.526.1-88"
Aline Rocha Arake;"628591313";"26.412.484.5-27"
Arthur Macedo Serra;"074053280";"64.527.290.5-68"
Gabriel Souza Matos;"212671602";"69.695.276.1-81"
Valentina Pedreira Queirós;"523912790";"36.549.792.3-98"
Lucas Siqueira Campos;"165926622";"33.800.717.7-51"
Maria Clara Matos Sequeira;"715424271";"57.639.493.0-60"
Basílio Francischetti Pedreira;"640669368";"11.743.175.8-45"
Laura Macedo Fontes;"886898466";"00.082.925.2-64"
Vanessa Campos Pirágine;"379633163";"15.418.579.8-76"
Aline Silva Braga;"652605852";"24.129.311.0-64"
Valentina Barros Pedreira;"148522760";"62.110.861.0-31"
Alice Aparecido Pirágine;"551874626";"25.145.835.0-89"
Heloísa Everundo Pinhais;"216970144";"38.919.324.6-08"
Theo Pedreira Siqueira;"794366629";"49.696.054.8-15"
Alice Matos Brasil;"090979563";"01.151.093.5-85"
Osvaldo Pinhais Pirágine;"526385687";"43.158.506.0-06"
João Miguel Campos Magalhães;"920519052";"60.077.971.6-14"
Adriana Ribeiro Serra;"791255960";"85.190.607.4-73"
Ana Correia Serra;"414302841";"86.197.327.8-37"
Ronaldo Queirós Costa;"408858376";"68.182.985.8-72"
Maria Cecília Rocha Aparecido;"813735556";"15.854.948.5-00"
João Miguel Teixeira Braga;"900207086";"97.134.225.6-46"
Heloísa Kubitcheck Fontes;"194096266";"61.752.993.3-92"
Maria Alice Macedo Calado;"142733940";"38.255.263.5-79"
Heloísa Calado Rocha;"255929305";"71.633.313.5-38"
Ronaldo Silva Brasil;"729374049";"22.366.165.6-69"
Miguel Castro Pedreira;"587604578";"58.799.076.1-09"
Tamires Campos Teixeira;"985981595";"16.229.439.9-55"
Karla Pedreira Osti;"143764369";"31.049.899.4-42"
Laura dos Santos Mesquita;"091233324";"05.976.545.5-26"
Alice Osti Mesquita;"893466795";"26.657.605.6-47"
Heloísa Magalhães Mesquita;"145782719";"98.606.143.6-50"
Fernando Macedo Serra;"139515116";"88.110.789.6-14"
Eduardo Campos Ribeiro;"747595997";"94.352.709.3-98"
Marcelo Magalhães Campos;"474989390";"61.236.813.2-94"
Helena Martins Azevedo;"262198774";"60.805.214.1-52"
Aline Osti Campos;"559578689";"69.085.678.4-58"
João Miguel Silva Siqueira;"445078692";"82.889.098.7-44"
Maria Julia Pedreira Sequeira;"658760561";"25.919.326.1-63"
Davi Queirós Barros;"829554369";"09.210.237.2-59"
Maria Cecília Castro Serra;"916546969";"58.846.493.7-99"
Adriana Bahiense Pirágine;"534199628";"41.478.068.4-43"
Davi Silva Barros;"343153294";"81.250.305.0-14"
Eduardo Macedo Everundo;"488323099";"82.254.987.0-89"
Raquel Correia Arake;"261330505";"81.907.315.9-92"
Eugênio Rodrigues Serra;"831331642";"11.537.387.6-42"
Marcelo Calado Correia;"941855262";"72.271.588.0-60"
Adriana Pinhais Campos;"790936554";"36.262.042.3-60"
Maria Clara Mesquita Souza;"409760659";"87.082.162.4-49"
Tamires Azevedo Siqueira;"340508319";"23.921.849.8-55"
Miguel dos Santos Calado;"411765678";"42.283.453.3-09"
Davi Serra Cardoso;"600615009";"47.661.545.1-52"
Karla Oliveira Calado;"054629986";"97.559.874.9-66"
Sophia Francischetti Costa;"393399247";"54.354.379.6-41"
João Miguel Brasil Teixeira;"545453653";"84.827.452.9-59"
Maria Cecília Ataíde Souza;"538312964";"68.901.014.3-72"
Fernando Francischetti Aparecido;"298991021";"38.590.575.4-69"
Thiago Oliveira Teixeira;"797361617";"75.877.259.3-86"
Alice Bahiense Costa;"849921646";"17.091.485.4-59"
Renato Ribeiro Siqueira;"721272077";"09.294.486.1-46"
Heloísa Souza Macedo;"267071576";"41.473.104.3-83"
Vanessa Ribeiro Sequeira;"482066677";"89.634.491.0-54"
Aline Correia Almeida;"568716064";"21.497.483.3-54"
Samuel Correia Osti;"304475498";"05.177.196.0-90"
Luiza Ataíde Matos;"062294771";"89.034.269.5-03"
Ronaldo Sequeira Everundo;"919693996";"72.636.853.3-72"
Maria Julia Ataíde Souza;"413937174";"78.693.204.3-91"
João Miguel Serra Cardoso;"083083368";"03.037.100.7-08"
Arthur Ataíde Calado;"667916790";"21.414.212.4-98"
Priscila Campos Cardoso;"520977813";"41.318.747.6-68"
Eduardo Costa Rodrigues;"695263796";"11.316.685.1-44"
Fernando Pirágine Pinhais;"606555765";"54.153.107.2-47"
Maria Siqueira Teixeira;"836550563";"32.238.930.4-97"
Fernando Bahiense Souza;"181281343";"06.317.914.5-45"
Adriana Pinhais Cardoso;"876854390";"17.393.825.1-45"
Maria Clara Fontes Castro;"080145236";"53.884.288.0-68"
Gabriel Mesquita Almeida;"079612465";"03.990.773.0-58"
Gabriela Bahiense Ataíde;"977293783";"34.126.533.7-83"
João Miguel Braga Arake;"717853623";"05.159.767.2-18"
Maria Cecília Souza Brasil;"058918637";"26.732.002.5-45"
Sophia Cardoso Rodrigues;"052519034";"75.754.215.3-45"
Wagner Azevedo Azevedo;"336976903";"79.023.588.1-42"
Valentina Everundo Rocha;"947578138";"54.508.467.6-95"
Gael Queirós Magalhães;"837829541";"99.948.477.7-38"
Alice Everundo Rocha;"693615551";"38.712.189.4-09"
Sophia Calado Pirágine;"334116839";"51.721.665.9-52"
Raquel Siqueira Siqueira;"041828168";"36.145.437.2-32"
Aline Correia Azevedo;"632401573";"16.613.480.1-86"
Maria Kubitcheck Rocha;"939677707";"85.433.273.5-36"
Marcelo Barros Ataíde;"002306776";"43.464.562.2-82"
Adriana Campos Pirágine;"474150990";"22.261.612.9-82"
Fernanda Queirós Magalhães;"266443971";"83.412.051.9-87"
Ana Cardoso Rocha;"056386088";"74.452.322.8-70"
Gabriel Osti Osti;"418118729";"64.399.226.9-95"
João Miguel Palmito Campos;"987719190";"54.514.435.5-18"
Raquel Rocha Brasil;"436388803";"30.986.622.8-90"
Marcela Francischetti Ataíde;"645261833";"40.835.712.9-39"
Gael Mesquita Aparecido;"978335485";"19.505.716.7-60"
Osvaldo Brasil Matos;"734556930";"31.522.121.4-16"
Maria Julia Osti Guimarães;"248779277";"16.177.531.0-65"
Aline Matos Pinhais;"758636575";"24.660.574.0-15"
Helena Bahiense Silva;"258026910";"87.272.922.0-17"
Wagner Osti Pedreira;"836852067";"02.133.886.5-06"
Maria Campos Mesquita;"007878968";"99.809.730.9-03"
Theo Osti Pedreira;"833926795";"40.130.612.7-94"
Karla Macedo Osti;"815916758";"74.388.498.6-26"
Sophia Kubitcheck Magalhães;"762506001";"72.172.014.4-51"
Priscila Campos Serra;"918275153";"72.873.200.2-54"
Gael Barros Braga;"771882070";"37.196.850.0-28"
João Miguel Almeida Costa;"138160989";"08.551.007.2-84"
Heitor Campos Mesquita;"253360974";"15.204.029.8-44"
Lucas Teixeira Rocha;"934433857";"18.735.268.1-26"
Sophia Ataíde Cardoso;"393858299";"64.519.509.8-67"
Sophia Serra Matos;"407851874";"66.986.010.1-18"
Laura Barros Ribeiro;"507175068";"84.057.858.0-17"
Aline dos Santos Arake;"063483246";"11.974.294.2-31"
Tamires Ribeiro Magalhães;"000665924";"21.488.980.5-78"
Heitor Fontes Serra;"438713667";"44.210.267.9-86"
Ana Calado Francischetti;"103132430";"80.912.970.3-85"
Priscila Fontes Matos;"178121137";"52.189.464.4-39"
Viviane Palmito Everundo;"460742569";"90.264.755.3-66"
Fernando Pirágine Silva;"634303440";"56.693.224.5-28"
Thiago Ribeiro Everundo;"515869850";"54.951.480.5-34"
Maria Cecília Macedo Ribeiro;"566517664";"43.272.746.6-06"
Vanessa Rodrigues Pedreira;"886581482";"29.366.927.9-55"
José Ribeiro Campos;"001122650";"15.539.344.4-74"
Fernando Correia Queirós;"716364926";"15.899.715.2-55"
Raquel Osti Aparecido;"527253485";"41.209.234.7-09"
Viviane Serra Magalhães;"113368059";"50.069.012.6-58"
Miguel Ribeiro Bahiense;"513392270";"89.377.779.1-81"
Adriana Barros Guimarães;"095007422";"03.363.679.1-43"
Mariana dos Santos Brasil;"547719954";"72.151.546.5-64"
Tamires Souza Ribeiro;"633909443";"14.999.112.0-30"
Ana Kubitcheck Sequeira;"588294464";"18.473.715.0-40"
Viviane Souza Braga;"152267286";"06.651.711.9-89"
Basílio Barros Azevedo;"502989360";"61.253.609.0-91"
Raquel Matos Macedo;"767230626";"80.528.084.6-59"
Maria Rodrigues Correia;"901776694";"25.111.226.8-05"
Aline Palmito Souza;"363950833";"21.455.279.6-89"
Ana Arake Teixeira;"134468739";"52.417.215.4-95"
Bernardo Osti Macedo;"451741855";"64.194.461.2-85"
Mariana Aparecido Cardoso;"177123529";"93.592.803.1-46"
Gael Guimarães Azevedo;"968635242";"91.026.687.3-11"
Laura Osti Aparecido;"946257235";"10.989.173.6-03"
Eduardo Arake Fontes;"187078086";"76.471.829.8-82"
Samuel Palmito Pedreira;"764756691";"95.428.816.2-21"
Wagner Siqueira Bahiense;"886970497";"17.874.263.5-27"
Maria Julia Brasil Pinhais;"184073674";"27.736.932.8-87"
Laura Ribeiro Aparecido;"666904447";"59.576.101.3-65"
Samuel Pirágine Teixeira;"899209323";"82.064.414.5-49"
Wagner Pinhais Fontes;"085034939";"50.129.340.1-58"
Maria Barros Pedreira;"327695756";"31.368.447.9-40"
Theo Francischetti Macedo;"218116516";"13.621.868.6-45"
Gabriela dos Santos Pirágine;"817906011";"79.904.732.4-79"
Mariana Brasil Correia;"880341889";"63.949.186.2-08"
Miguel Campos Almeida;"479156557";"97.505.810.5-31"
Maria Julia Kubitcheck Braga;"465932705";"24.925.630.4-80"
Karla Pinhais Macedo;"950304033";"29.128.823.1-49"
Maria Julia Azevedo Costa;"367827907";"34.900.185.9-29"
Heloísa Azevedo Ribeiro;"753625309";"39.963.189.2-81"
Davi Siqueira Castro;"267627527";"35.957.022.6-32"
Eduardo Guimarães Queirós;"431879722";"96.023.205.5-64"
Marcela Pedreira Magalhães;"472450340";"03.896.738.2-96"
Raquel Guimarães Matos;"839949083";"53.896.940.3-94"
Mariana dos Santos Rocha;"143238630";"35.311.036.4-87"
Alice Rocha Pedreira;"424107382";"67.788.261.6-34"
João Miguel Souza Macedo;"725978479";"93.591.753.8-37"
Ronaldo Palmito Sequeira;"170025215";"90.771.072.8-46"
João Miguel Campos Pinhais;"541167217";"92.947.065.7-82"
Laura Aparecido Costa;"547183922";"74.870.027.7-61"
José Pirágine Castro;"045391508";"45.670.521.5-66"
Heloísa Braga Bahiense;"902582622";"14.693.392.9-43"
Valentina Everundo Barros;"588292414";"61.136.576.3-63"
Heitor Costa Ribeiro;"458531917";"69.339.695.3-32"
Theo Pirágine Matos;"924566069";"95.641.087.0-81"
Bernardo Guimarães Siqueira;"534952526";"89.556.053.1-42"
Adriana Martins Souza;"683555828";"68.855.889.9-72"
Marcela Campos Bahiense;"323740505";"49.246.796.8-63"
Raquel Ribeiro Pirágine;"501324776";"17.389.577.9-84"
Lucas Ataíde Azevedo;"219428789";"91.169.389.0-49"
Davi Serra Osti;"522493184";"18.720.699.4-56"
Lucas Calado Azevedo;"111933309";"88.675.771.9-98"
Maria Clara Silva Ribeiro;"303081140";"13.742.742.2-21"
Maria Serra Campos;"400464566";"19.794.850.8-70"
Maria Julia Cardoso Fontes;"957374115";"88.550.385.5-38"
Gabriel Silva Osti;"912745421";"19.286.595.6-42"
Marcelo Francischetti Brasil;"756035666";"06.910.298.4-99"
Priscila Campos Azevedo;"135802555";"59.542.376.9-36"
Aline Ataíde Ataíde;"044325019";"17.733.063.2-33"
Lucas Souza Everundo;"141354061";"00.567.512.9-25"
Vanessa Braga Serra;"169091131";"01.368.183.9-64"
Marcela Pinhais Almeida;"186572281";"89.120.790.4-77"
Marcela Rocha Aparecido;"366236254";"56.720.455.1-45"
Eduardo Queirós Costa;"064525101";"68.343.695.8-31"
Maria Francischetti Mesquita;"757768693";"77.514.969.6-12"
João Miguel Martins Matos;"576600311";"42.563.043.2-24"
José Barros Guimarães;"057360411";"26.934.792.8-59"
Aline Mesquita Fontes;"559180080";"15.565.689.3-15"
Gael Ataíde Serra;"946666716";"00.837.329.4-55"
Aline Macedo Castro;"872507956";"09.878.106.2-75"
Lucas Costa Rodrigues;"258810294";"10.009.301.3-66"
Samuel Aparecido Palmito;"608784934";"51.174.282.1-98"
Miguel Fontes Teixeira;"377003668";"78.884.380.1-64"
Arthur Brasil Rocha;"506963733";"41.295.904.8-51"
Fernando Pinhais Bahiense;"733873251";"15.234.557.5-13"
Ana Costa Souza;"257057680";"63.227.398.7-52"
Raquel Campos Barros;"110587888";"64.599.197.7-24"
Gabriel Azevedo Pedreira;"070223179";"05.995.392.3-41"
Raquel Pedreira Pirágine;"938010912";"02.292.191.3-48"
Eugênio Guimarães Queirós;"384202706";"41.074.343.9-46"
Ronaldo Francischetti Sequeira;"700712484";"28.050.718.8-11"
Bernardo Queirós Castro;"652598894";"09.059.445.6-09"
Gael Campos Braga;"793633996";"00.043.949.6-17"
Viviane Pirágine Queirós;"233751897";"42.726.598.9-16"
Viviane Azevedo Ataíde;"836247584";"93.229.770.4-06"
Davi Azevedo Calado;"687700141";"94.530.890.2-03"
Fernando Guimarães Palmito;"942029080";"13.735.988.0-46"
Miguel Bahiense Guimarães;"499378654";"66.435.753.5-19"
Laura Ribeiro Siqueira;"651025211";"65.748.240.2-23"
Fernando Castro Matos;"296659587";"64.335.083.2-68"
Lucas Macedo Guimarães;"202154754";"81.512.401.9-17"
Marcelo dos Santos Almeida;"219015625";"38.673.778.4-06"
Wagner Osti Costa;"539936999";"24.162.132.4-04"
Maria Clara Campos Brasil;"985591728";"73.791.314.4-00"
Gabriel Mesquita Almeida;"370645033";"29.191.113.5-88"
Priscila Oliveira Teixeira;"349024827";"64.124.452.1-02"
Bernardo Braga Braga;"073801098";"59.094.871.0-06"
Maria Cecília Kubitcheck Silva;"541785491";"55.607.797.0-89"
Luiza Campos Cardoso;"934151149";"16.797.212.7-20"
Samuel Serra Magalhães;"770968488";"03.610.562.4-12"
Theo Brasil Macedo;"316827872";"27.672.113.0-42"
Osvaldo Guimarães Calado;"750458581";"41.519.982.1-45"
José Palmito Matos;"097320340";"49.150.035.7-85"
Wagner Barros Rocha;"418679416";"24.941.556.1-60"
Osvaldo Cardoso Ataíde;"701442124";"64.124.672.0-56"
Laura Martins Mesquita;"452645795";"30.139.135.0-44"
Wagner Aparecido Cardoso;"347942476";"34.046.150.6-30"
Vanessa Barros Correia;"326502070";"09.806.610.2-06"
Arthur Cardoso Ataíde;"830939526";"38.540.838.3-45"
Basílio Magalhães Aparecido;"269440827";"87.455.396.3-60"
Osvaldo Oliveira Everundo;"323655096";"13.296.476.1-84"
Gael dos Santos Aparecido;"367864891";"93.943.985.2-77"
Wagner Guimarães Everundo;"040654595";"28.629.288.8-51"
Priscila Bahiense Guimarães;"796214122";"69.172.245.6-12"
Maria Souza Campos;"511230632";"09.402.895.0-63"
Marcela Sequeira Osti;"564714658";"47.365.199.2-45"
Gabriela Braga Palmito;"405193535";"98.043.281.1-80"
Gabriela Correia Palmito;"995968672";"50.051.889.4-70"
Fernando Bahiense Azevedo;"495228946";"10.513.175.2-86"
Adriana Matos Matos;"654317904";"85.011.150.8-44"
Viviane Barros Serra;"024056203";"22.918.244.9-84"
Heloísa Silva Teixeira;"164152691";"24.408.942.6-20"
Fernanda Arake Almeida;"648368310";"87.943.393.4-17"
Maria Mesquita Fontes;"426076421";"72.767.915.0-30"
Valentina Everundo Castro;"716421977";"38.014.368.0-73"
Theo Palmito Magalhães;"927887938";"10.760.093.8-86"
Samuel Barros Guimarães;"550901121";"02.908.862.0-98"
Heitor Campos Rocha;"284461638";"98.277.347.1-10"
João Miguel Siqueira Teixeira;"463505024";"07.972.036.4-37"
Raquel Pirágine Osti;"336171399";"18.031.915.4-34"
Viviane Cardoso Silva;"894770919";"87.330.775.9-26"
Samuel Ribeiro Cardoso;"700461518";"48.673.438.8-51"
Valentina Macedo Serra;"948519606";"12.467.057.7-25"
Karla Pirágine Azevedo;"503426393";"81.349.071.1-59"
Vanessa Ataíde Macedo;"481628440";"44.016.770.4-78"
Bernardo Correia Cardoso;"240191052";"35.102.182.0-20"
Eugênio Oliveira Ataíde;"117176366";"75.053.734.9-43"
Marcelo Sequeira Brasil;"707934766";"98.514.982.8-32"
Valentina Brasil Macedo;"557704217";"05.033.439.8-94"
Davi Siqueira Teixeira;"402816538";"87.232.447.6-76"
Ana Teixeira Campos;"225477327";"64.292.176.9-31"
Davi Silva Souza;"885808786";"20.543.448.7-49"
Guilherme Barros Macedo;"977842154";"98.481.201.3-72"
Maria Alice Aparecido Campos;"103492542";"24.303.908.3-59"
Arthur Brasil Bahiense;"137408696";"13.621.842.7-26"
Gael Barros Guimarães;"482322382";"29.840.020.1-24"
Karla Rodrigues Fontes;"652109778";"92.524.250.8-76"
José Palmito Mesquita;"247437165";"61.424.281.1-16"
Ana Campos Queirós;"651024337";"36.123.366.9-36"
Heitor Castro Serra;"288433413";"26.144.803.0-52"
Tamires Queirós Rocha;"529236406";"40.465.704.5-78"
Sophia Cardoso Rocha;"402684005";"02.770.245.9-85"
Alice Mesquita Azevedo;"530221421";"45.122.930.7-57"
Valentina Teixeira Costa;"520792748";"09.733.224.8-69"
Theo Campos Ribeiro;"305759854";"08.684.052.6-19"
Gabriel Everundo Calado;"269815561";"68.136.871.2-23"
Fernando Calado Costa;"267327500";"57.908.498.6-66"
Eduardo Everundo Bahiense;"495562984";"86.171.952.4-89"
Karla Matos Osti;"354417020";"52.516.044.7-77"
Vanessa Ribeiro Ataíde;"757664364";"13.799.606.2-06"
Vanessa Rodrigues Magalhães;"358978454";"89.389.896.2-32"
Vanessa Pirágine Cardoso;"545467736";"16.718.923.3-83"
Renato Silva Pirágine;"602595639";"99.362.020.1-10"
Arthur Guimarães Calado;"855767239";"14.368.125.5-29"
Karla Arake Brasil;"960361577";"16.533.046.7-96"
Laura Pedreira Mesquita;"730298462";"17.581.461.7-65"
Thiago Pinhais Azevedo;"185562226";"84.507.212.9-72"
Gabriela Siqueira Bahiense;"917962208";"43.539.452.2-63"
Eugênio Guimarães Castro;"896396343";"18.358.969.0-45"
Heloísa Macedo Brasil;"363180489";"47.333.879.6-19"
Mariana Magalhães Barros;"925409287";"35.212.991.3-86"
Maria Alice Fontes Sequeira;"292619055";"04.004.676.3-18"
Guilherme Francischetti Pinhais;"093259194";"31.802.335.7-46"
Gabriel Magalhães Calado;"221089148";"09.690.516.9-90"
Fernando Campos Magalhães;"357756692";"57.847.765.7-45"
Priscila Calado Matos;"825208258";"63.267.141.8-39"
Lucas Martins Fontes;"939754368";"36.383.597.1-23"
Ronaldo Braga Souza;"625064796";"61.824.356.4-70"
Theo Teixeira Barros;"122779555";"06.805.835.0-05"
Viviane Guimarães Sequeira;"586131146";"46.677.175.4-60"
Maria Clara Pinhais Pedreira;"702786705";"23.280.525.9-79"
Miguel Ataíde Teixeira;"544817431";"39.933.044.4-44"
José Palmito Rocha;"927508226";"14.508.313.6-81"
Guilherme Almeida Bahiense;"272378776";"37.880.654.8-26"
Mariana Queirós Braga;"268694058";"03.395.094.4-59"
Basílio Costa Almeida;"693036584";"11.702.543.7-42"
Bernardo Brasil Francischetti;"125581316";"35.418.295.1-06"
Heloísa Macedo Campos;"875777157";"66.427.559.8-99"
Raquel Mesquita Arake;"882074598";"33.966.615.9-88"
José Sequeira Azevedo;"505504424";"14.404.959.1-74"
Wagner Guimarães Macedo;"659826968";"39.017.750.0-26"
Maria Alice Braga Arake;"304326352";"76.695.196.4-32"
Maria Julia Serra Castro;"863508852";"32.955.664.4-50"
Renato Martins Aparecido;"109961248";"43.131.140.2-86"
Samuel Pinhais Bahiense;"389958691";"91.789.081.3-78"
Vanessa Cardoso Serra;"676013784";"85.890.499.6-75"
Aline Magalhães Fontes;"212269065";"18.477.293.9-48"
Heitor Campos Serra;"067624232";"86.589.261.0-08"
Mariana Oliveira Almeida;"378299235";"74.303.887.7-50"
Valentina Castro Rocha;"681636595";"93.222.839.1-91"
Renato Martins Cardoso;"075434080";"90.388.818.9-20"
Ronaldo Aparecido Braga;"092558489";"84.800.419.1-13"
Arthur Macedo Souza;"773526615";"86.891.849.1-18"
Arthur Ribeiro Aparecido;"264368477";"04.698.062.2-29"
Gabriela Fontes Souza;"532940883";"44.668.212.3-81"
Arthur Kubitcheck Barros;"283950648";"90.993.040.8-45"
Maria Kubitcheck Pedreira;"879408955";"00.730.248.4-35"
Renato Silva Castro;"691943568";"23.479.419.2-40"
Gael Siqueira Campos;"406088154";"55.174.883.4-96"
Sophia Almeida Magalhães;"428714643";"01.157.929.9-05"
Heloísa Bahiense Sequeira;"841359093";"14.067.575.1-87"
Ana Rodrigues Magalhães;"918179355";"73.798.591.1-94"
Thiago Pedreira Campos;"270057382";"71.485.902.8-25"
Renato Campos Teixeira;"272804439";"88.857.941.0-51"
Helena Costa Guimarães;"955746680";"13.890.041.1-09"
Adriana Aparecido Bahiense;"903705753";"50.146.819.5-88"
Helena Everundo Palmito;"894194669";"98.854.686.2-56"
Maria Julia Campos Castro;"910183121";"13.561.214.2-41"
Maria Alice Rocha Campos;"165383104";"08.287.730.5-32"
Maria Clara Martins Barros;"203727250";"03.618.473.1-25"
Fernando Serra Pinhais;"732699614";"59.754.412.5-07"
Valentina Aparecido Ribeiro;"458540045";"01.236.344.0-39"
Eduardo Serra Rodrigues;"945575725";"24.717.946.6-74"
Arthur Magalhães Campos;"967967826";"33.646.642.3-54"
Eduardo Teixeira Fontes;"429393981";"65.668.856.5-04"
Helena Pedreira Bahiense;"064056690";"88.123.790.7-68"
Alice dos Santos Osti;"738600302";"36.183.046.2-65"
Laura Martins Serra;"694645071";"87.269.703.7-51"
Alice Pirágine Campos;"756960914";"55.999.715.2-42"
Adriana Pinhais Souza;"889934584";"15.164.935.3-67"
Maria Julia Almeida Everundo;"888117041";"94.566.395.2-61"
Arthur Serra Pedreira;"856293227";"12.665.620.4-02"
Lucas Matos Brasil;"637186828";"83.330.968.3-60"
Aline Rocha Campos;"849052393";"67.517.364.6-72"
Ronaldo Castro Braga;"826270076";"79.000.798.3-15"
Marcelo Costa Pirágine;"284852808";"03.946.612.1-24"
Priscila Campos Cardoso;"634565668";"99.710.049.6-66"
Vanessa Aparecido Queirós;"955504517";"60.517.901.5-30"
Tamires Costa Rodrigues;"768956987";"58.883.112.6-27"
Raquel Campos Azevedo;"142895890";"37.136.213.2-81"
Ana Braga Matos;"081090628";"43.030.674.5-26"
Maria Cecília Costa Cardoso;"508811419";"67.727.278.3-83"
Gabriel Martins Magalhães;"526053569";"29.653.765.1-80"
Adriana Magalhães Souza;"095272196";"35.124.723.3-59"
Fernando Campos Magalhães;"079213800";"61.064.061.9-49"
Helena Queirós Ataíde;"138291593";"46.402.543.4-04"
Thiago Teixeira Barros;"683604173";"06.565.595.7-41"
Luiza Souza Arake;"425578332";"88.441.560.9-63"
Vanessa Pinhais Azevedo;"883639713";"47.003.529.5-68"
Arthur Macedo Castro;"490920303";"70.831.495.3-23"
Osvaldo Campos Almeida;"978089306";"96.775.497.2-11"
Heitor Almeida Brasil;"926470307";"12.060.221.7-55"
Priscila Castro Sequeira;"005461192";"80.909.168.2-73"
Maria Ataíde Guimarães;"548652679";"00.464.384.7-12"
Marcela Arake Souza;"710334576";"87.314.415.4-45"
Priscila Aparecido Calado;"062047775";"33.949.348.9-22"
Eduardo Teixeira Pedreira;"571245888";"83.971.245.1-04"
Marcelo Osti Ataíde;"884272303";"26.874.961.0-88"
Marcelo Bahiense Castro;"670211430";"94.122.022.3-49"
Gabriela Macedo Guimarães;"898065283";"33.636.650.3-25"
João Miguel Costa Queirós;"518489748";"29.194.691.9-13"
Valentina Souza Rodrigues;"519565807";"80.395.122.1-47"
Viviane Ataíde Cardoso;"240812765";"76.536.567.7-91"
Sophia Osti Magalhães;"612273603";"80.154.029.5-46"
Samuel Mesquita Macedo;"951648095";"49.878.636.7-60"
Aline Ataíde Guimarães;"162410199";"65.455.621.7-14"
Fernando Campos Guimarães;"722826628";"50.303.584.1-28"
Tamires Calado Pedreira;"582631139";"87.083.548.4-75"
João Miguel Pirágine Fontes;"934244523";"43.657.281.7-90"
Alice Silva Serra;"697887168";"21.242.363.7-91"
Lucas Azevedo Teixeira;"472204992";"31.637.242.4-07"
Arthur Mesquita Serra;"257511457";"31.160.914.6-83"
Basílio Guimarães Queirós;"221243705";"95.169.445.8-01"
Eduardo Silva Everundo;"147302551";"43.897.417.9-59"
Lucas Rocha Pirágine;"999882736";"11.241.926.5-64"
Karla Osti Correia;"029540405";"78.146.301.0-02"
Fernanda Castro Sequeira;"515741034";"80.995.228.8-35"
Basílio Barros Arake;"761410921";"97.150.247.0-75"
Maria Almeida Sequeira;"005605726";"53.428.343.1-42"
Helena Silva Aparecido;"775959110";"82.444.838.5-95"
Marcelo Siqueira Rodrigues;"405561428";"53.392.897.0-16"
Valentina Pedreira Magalhães;"158342757";"81.336.907.9-40"
Marcela Almeida Almeida;"491099569";"70.720.363.5-29"
Gael Barros Cardoso;"276154939";"35.659.969.7-96"
Osvaldo Kubitcheck Costa;"874864000";"95.347.245.7-11"
Arthur Osti Osti;"517801966";"10.551.305.6-06"
Tamires Campos Braga;"766616221";"62.604.558.9-10"
Mariana Bahiense Guimarães;"406951917";"92.863.164.9-23"
Maria Cecília Matos Aparecido;"684547944";"71.141.257.1-19"
Priscila Martins Siqueira;"425980703";"40.755.812.1-36"
Sophia Costa Queirós;"517208332";"76.467.244.7-81"
Gael Correia Ataíde;"213267825";"44.190.394.4-15"
Gabriel Osti Palmito;"389368371";"20.990.229.9-07"
Samuel Pedreira Magalhães;"018254721";"19.776.253.6-79"
Maria Clara Costa Osti;"178242924";"13.842.102.8-09"
Fernanda Teixeira Queirós;"767644195";"05.134.258.0-02"
Bernardo Azevedo Costa;"097607021";"43.845.602.7-24"
Sophia Serra Souza;"212919859";"96.195.414.4-41"
José Francischetti Sequeira;"195481078";"03.213.138.9-38"
Basílio Ataíde Silva;"796135905";"94.613.694.4-68"
Thiago Everundo Pedreira;"937531840";"36.440.328.1-91"
Gabriela Brasil Barros;"687483030";"22.415.777.3-44"
Sophia Almeida Ataíde;"137554934";"94.760.565.0-06"
Basílio dos Santos Pedreira;"207904561";"18.618.085.1-89"
Wagner Everundo Sequeira;"167315226";"05.288.840.3-97"
Miguel Barros Costa;"058048429";"28.619.530.3-84"
Maria Cecília Matos Campos;"398353692";"96.285.854.2-88"
Eduardo Fontes Sequeira;"773733947";"92.441.304.5-03"
Osvaldo Palmito Queirós;"806606995";"05.570.468.0-75"
Valentina Cardoso Arake;"579201896";"45.132.833.0-62"
Marcela Kubitcheck Correia;"430908937";"63.247.524.8-36"
Renato Azevedo Costa;"128196025";"25.314.432.3-98"
Wagner Bahiense Campos;"305586455";"49.974.449.9-33"
Heloísa Palmito Magalhães;"716245006";"50.848.305.0-62"
Luiza Correia Matos;"504136742";"39.384.065.1-03"
Bernardo Francischetti Siqueira;"515959306";"32.783.312.9-67"
Heitor Silva Matos;"371930126";"82.473.994.7-29"
Heitor Everundo Queirós;"229752600";"09.615.053.8-17"
Gael Oliveira Serra;"152126838";"43.406.439.7-66"
Theo Arake Campos;"806921847";"04.170.348.1-95"
Basílio Arake Souza;"760398838";"80.227.834.8-56"
Heloísa Osti Pirágine;"389363082";"06.140.986.4-01"
Heloísa Fontes Magalhães;"112918389";"27.085.404.1-79"
Guilherme Pinhais Mesquita;"272010833";"39.044.617.0-54"
Osvaldo Oliveira Sequeira;"943235563";"92.931.281.3-09"
João Miguel Ribeiro Guimarães;"225126054";"66.815.764.5-82"
Helena Fontes Campos;"780676608";"59.020.712.8-81"
Basílio Teixeira Matos;"239120481";"85.176.170.9-03"
José Pedreira Serra;"337335979";"27.415.985.8-47"
Viviane Sequeira Pinhais;"997194109";"09.041.617.8-96"
Alice Siqueira Ataíde;"895267792";"93.432.635.6-19"
Maria Julia Azevedo Pinhais;"463478741";"90.804.754.9-39"
Maria Cecília Rocha Queirós;"902106605";"62.274.059.6-45"
Luiza Calado Rodrigues;"147199492";"19.782.971.5-97"
Davi Barros Pedreira;"656436790";"06.264.429.9-49"
Gabriela Everundo Campos;"126340516";"15.926.590.1-48"
Karla Magalhães Queirós;"490784788";"69.746.707.1-78"
Eugênio Cardoso Sequeira;"639539394";"85.997.239.6-04"
Wagner Kubitcheck Serra;"224433667";"73.576.643.6-88"
Thiago Barros Guimarães;"958896210";"54.564.341.8-88"
Miguel Rocha Osti;"491239064";"31.356.925.1-28"
Thiago Rocha Francischetti;"129845768";"27.134.586.4-97"
Helena Braga Campos;"487199238";"24.289.884.3-54"
Alice Correia Aparecido;"610885855";"53.696.610.0-29"
Basílio Macedo Braga;"519047429";"03.166.924.7-68"
Ronaldo Macedo Bahiense;"807756737";"50.068.786.7-86"
Priscila Matos Sequeira;"865366550";"23.377.155.1-73"
Wagner Macedo Serra;"340541948";"30.824.129.9-56"
Sophia Kubitcheck Rocha;"768243612";"04.906.865.6-79"
Maria Kubitcheck Guimarães;"092954684";"94.785.533.2-70"
Maria Clara Pirágine Macedo;"207117322";"32.528.786.3-03"
Basílio Matos Magalhães;"249935203";"86.876.483.7-12"
Lucas Barros Everundo;"579721350";"37.283.339.8-63"
Raquel Almeida Almeida;"536289857";"24.293.508.7-12"
Raquel Ribeiro Sequeira;"478146682";"85.097.048.9-16"
Priscila Rocha Palmito;"100929643";"40.543.056.2-15"
Aline Bahiense Queirós;"376518029";"26.121.856.7-59"
Luiza Teixeira Mesquita;"584124778";"58.540.014.4-55"
Tamires Sequeira Campos;"887157262";"78.300.358.9-63"
Samuel Matos Castro;"626042149";"17.991.861.5-36"
Tamires Guimarães Pinhais;"298615254";"26.966.545.4-69"
Heitor Queirós Guimarães;"585569541";"10.350.998.8-51"
Gael Teixeira Souza;"849187329";"28.486.062.9-21"
Samuel Palmito Campos;"495622128";"93.884.927.7-55"
Samuel Souza Brasil;"436395571";"95.004.647.5-65"
Marcela Ataíde Barros;"664657608";"77.010.619.2-43"
Luiza Osti Correia;"446508795";"80.233.971.6-56"
Maria Castro Campos;"172075052";"46.510.860.4-88"
Samuel Almeida Almeida;"847858490";"70.578.092.6-70"
Mariana Queirós Osti;"378774775";"64.600.084.0-63"
Gael Martins Magalhães;"494382654";"13.934.095.4-42"
Alice Cardoso Azevedo;"737914834";"04.566.231.2-01"
Osvaldo Mesquita Serra;"393416699";"85.122.203.0-05"
Adriana Queirós Cardoso;"346200736";"94.210.791.6-97"
Renato Ataíde Rodrigues;"747667110";"99.081.256.3-18"
Maria Clara Everundo Correia;"555398381";"00.649.035.7-33"
Heloísa Cardoso Francischetti;"067197903";"93.209.131.1-75"
Marcela Guimarães Fontes;"250087986";"23.413.142.3-12"
Maria Clara Macedo Arake;"401989602";"71.927.239.3-17"
Heloísa Brasil Rodrigues;"983251840";"36.057.229.2-69"
Raquel Kubitcheck Almeida;"849110331";"30.973.622.7-95"
Heloísa Matos Osti;"395781990";"54.269.332.4-31"
Mariana Almeida Rodrigues;"512565322";"63.006.302.0-66"
Alice Pinhais Souza;"208537457";"85.348.546.2-20"
Gabriela Pirágine Guimarães;"804122653";"80.861.569.9-82"
Ana Bahiense Teixeira;"576821987";"73.458.617.3-08"
Helena Guimarães Macedo;"034370826";"95.439.238.7-25"
Heloísa Rocha Fontes;"190797896";"11.926.493.7-58"
Helena Pedreira Teixeira;"701600864";"34.134.107.5-57"
Fernanda Kubitcheck Castro;"182930114";"19.549.854.4-37"
Helena Pirágine Bahiense;"725850163";"79.208.060.6-08"
Helena Arake Silva;"704409395";"30.619.997.2-86"
Wagner Magalhães Pinhais;"572827580";"87.935.297.4-88"
Fernanda Ataíde Matos;"829850554";"99.923.107.0-42"
Osvaldo Souza Ataíde;"966679564";"99.172.485.5-43"
Raquel Silva Matos;"837752096";"06.216.631.2-89"
Fernanda Castro Sequeira;"490747614";"66.956.795.4-37"
Maria Julia Fontes Azevedo;"827157229";"22.025.213.6-10"
Eugênio Matos Mesquita;"581615766";"01.828.168.6-52"
Theo Castro Braga;"842889162";"63.935.219.2-50"
Fernando Queirós Queirós;"153522099";"07.163.458.4-10"
Marcelo Campos Almeida;"908545877";"25.715.986.6-64"
Arthur Cardoso Serra;"844815599";"03.336.408.0-02"
Miguel Siqueira Queirós;"485015276";"39.133.025.5-60"
Gael Campos Macedo;"186767374";"51.939.892.6-94"
Vanessa Macedo Matos;"752045514";"58.076.455.7-38"
Gabriel Rocha Almeida;"535700169";"79.988.671.2-98"
Eugênio Palmito Silva;"908202915";"72.175.118.4-99"
Adriana Braga Braga;"141511766";"20.693.814.8-81"
Osvaldo Rocha Siqueira;"404316124";"57.330.654.0-07"
Arthur Siqueira Siqueira;"801201298";"55.820.304.0-26"
Maria Cecília Barros Rocha;"908162880";"18.991.873.0-15"
Fernanda Guimarães Queirós;"220080350";"68.556.134.7-83"
Marcelo Magalhães Palmito;"315770473";"50.627.037.6-54"
Theo Aparecido Almeida;"280359904";"90.135.875.6-17"
Mariana Fontes Siqueira;"692940563";"57.394.456.0-88"
João Miguel Aparecido Azevedo;"037627667";"51.280.631.5-32"
Wagner Bahiense Barros;"959523789";"37.138.598.1-08"
Miguel Calado Pedreira;"968788352";"54.847.062.6-72"
Gael Souza Teixeira;"268559116";"49.098.092.5-90"
Mariana Everundo Everundo;"836533361";"49.114.095.9-41"
Guilherme Rodrigues Costa;"454686058";"62.910.032.1-78"
Eugênio Pedreira Aparecido;"530170277";"25.677.698.1-28"
Adriana Ataíde Campos;"802763068";"66.028.808.9-16"
Tamires Campos Pinhais;"466241875";"35.124.005.4-87"
Mariana Mesquita Teixeira;"793378553";"05.452.915.9-29"
João Miguel Osti Sequeira;"096193044";"27.346.927.6-89"
Osvaldo Bahiense Queirós;"820147303";"08.417.386.4-68"
Bernardo Rodrigues Siqueira;"003148009";"11.692.201.9-68"
Heitor Everundo Ribeiro;"171361984";"53.402.645.2-53"
Adriana Calado Almeida;"729670623";"60.965.093.5-47"
Maria Alice Fontes Osti;"583478041";"08.360.460.3-09"
Sophia Siqueira Calado;"245416647";"57.451.817.5-56"
Gabriela Rocha Ribeiro;"360549806";"34.446.695.5-34"
José Oliveira Correia;"106056294";"44.636.813.8-40"
Sophia Azevedo Correia;"194057242";"51.207.534.6-35"
Maria Clara Campos Pirágine;"665960246";"70.498.949.9-87"
Vanessa Everundo Mesquita;"280169974";"56.628.541.3-11"
Sophia Azevedo Siqueira;"549759625";"67.197.380.2-98"
Raquel Silva Osti;"325257152";"54.122.472.0-69"
Ronaldo Kubitcheck Azevedo;"253152693";"80.351.487.1-73"
Gabriel Calado Mesquita;"665798116";"68.505.195.0-27"
Renato Castro Rocha;"105116179";"53.127.408.3-25"
Ronaldo dos Santos Campos;"654096422";"76.741.692.8-58"
Aline dos Santos Campos;"977263244";"60.689.180.5-00"
Valentina Fontes Braga;"743708891";"95.552.603.4-09"
Karla dos Santos Castro;"055473968";"21.674.076.4-04"
Gabriel Costa Brasil;"577927246";"40.947.454.4-39"
Marcela Azevedo Campos;"959922722";"94.122.172.4-72"
Maria Alice Serra Cardoso;"118273676";"88.093.414.6-99"
Mariana Ribeiro Teixeira;"000678996";"68.115.003.0-24"
Fernando Serra Barros;"860744170";"01.541.306.7-79"
Aline Palmito Queirós;"580219801";"52.275.523.7-18"
Gael Teixeira Serra;"487719797";"25.399.074.6-35"
Renato Ribeiro Souza;"931629648";"07.652.366.8-78"
Guilherme Correia Teixeira;"829641641";"33.684.821.3-75"
Eugênio Sequeira Matos;"172732798";"87.736.801.6-05"
Heloísa Everundo Rodrigues;"818247133";"15.307.676.9-74"
Davi Campos Rodrigues;"586287129";"16.325.952.4-73"
Fernanda Arake Barros;"503829082";"48.482.261.2-52"
Samuel Serra Palmito;"763238948";"07.901.117.3-17"
Karla Siqueira Arake;"758267176";"93.665.691.7-05"
Luiza Barros Pedreira;"267986428";"39.823.724.0-09"
Maria Macedo Pedreira;"153277497";"18.819.753.8-75"
Wagner Silva Brasil;"910512662";"22.573.147.8-97"
Gabriela Macedo Correia;"008785650";"43.979.458.1-30"
Helena Macedo Ribeiro;"025757466";"94.855.905.5-32"
Valentina Matos Matos;"958200039";"35.884.300.3-01"
José Souza Pedreira;"869426948";"69.329.609.4-27"
Davi Kubitcheck Cardoso;"080321872";"68.767.260.2-80"
Bernardo Macedo Brasil;"684773616";"88.481.906.8-87"
Marcela Pinhais Siqueira;"435032866";"24.085.062.7-16"
José Fontes Aparecido;"303421805";"21.091.582.8-81"
Gabriela Aparecido Fontes;"367566654";"65.249.161.0-19"
Arthur Guimarães Guimarães;"422495764";"11.374.246.7-35"
Raquel Campos Brasil;"104725279";"87.142.294.5-33"
Samuel Siqueira Souza;"898800148";"39.188.519.7-35"
Miguel Sequeira Macedo;"802935083";"01.051.311.6-08"
Heloísa Guimarães Aparecido;"873518236";"28.636.636.3-63"
Heloísa Arake Souza;"139315377";"36.929.655.8-32"
Eduardo Guimarães Guimarães;"138799779";"51.102.170.9-76"
Priscila Kubitcheck Palmito;"148721582";"90.690.973.6-05"
Arthur Bahiense Serra;"508038467";"16.705.624.6-41"
Aline Pirágine Macedo;"534862694";"59.839.402.1-76"
Laura Matos Castro;"473555876";"60.288.104.8-46"
Theo Braga Teixeira;"203769058";"48.244.643.6-65"
José Aparecido Souza;"841581927";"57.583.387.4-53"
Marcela Rocha Siqueira;"632527262";"36.733.084.6-65"
Gael Teixeira Ataíde;"130325123";"11.514.515.0-92"
Ronaldo Guimarães Everundo;"576413615";"64.739.003.4-78"
Aline Guimarães Braga;"671936689";"46.806.375.6-49"
Miguel Rodrigues Castro;"417131142";"02.198.978.4-60"
Aline Azevedo Sequeira;"622795565";"83.766.840.1-83"
Miguel Sequeira Osti;"772898389";"24.970.516.5-35"
Laura Cardoso Pinhais;"022991802";"16.922.141.3-35"
Luiza Magalhães Cardoso;"718962118";"29.745.802.6-01"
Tamires Costa Rocha;"681277226";"72.389.904.2-23"
Fernanda Braga Pirágine;"068776135";"88.065.391.8-20"
Heitor Pirágine Aparecido;"816824178";"35.754.890.5-25"
Valentina Serra Aparecido;"609157732";"92.857.156.9-80"
Bernardo Ribeiro Queirós;"205544550";"57.604.207.5-31"
Sophia Queirós Pirágine;"804056213";"70.725.838.8-67"
Aline Serra Correia;"748105106";"06.337.886.8-06"
José Magalhães Matos;"286055625";"14.762.731.0-87"
Heloísa Ataíde Sequeira;"027275053";"08.040.257.6-01"
Gael Almeida Sequeira;"795964295";"63.625.802.2-62"
Basílio Almeida Guimarães;"627470581";"34.438.508.9-32"
Maria Cecília Rodrigues Braga;"723607946";"62.248.436.3-23"
Aline Siqueira Campos;"538262078";"84.499.289.6-85"
Miguel Castro Barros;"106680259";"02.449.835.0-67"
Miguel Osti Azevedo;"996430877";"23.269.677.3-31"
Viviane Osti Pirágine;"957728271";"76.581.241.2-55"
Heitor Martins Osti;"360501672";"14.567.329.5-21"
Priscila Calado Osti;"385747100";"27.088.555.1-37"
Miguel Matos Pinhais;"606045658";"55.005.989.3-66"
Guilherme Barros Campos;"910639205";"15.696.715.8-34"
Helena Everundo Siqueira;"980657556";"25.503.964.3-13"
Luiza Almeida Rodrigues;"336078762";"77.314.360.3-69"
Maria Julia Rodrigues Siqueira;"181244585";"77.855.189.9-89"
Luiza Aparecido Pirágine;"030456722";"89.883.826.6-83"
Osvaldo Oliveira Guimarães;"347210367";"39.535.243.7-96"
Adriana Almeida Pinhais;"836103283";"95.566.972.0-09"
Samuel Costa Matos;"714620244";"59.820.385.8-25"
Maria Clara Correia Silva;"586977926";"28.255.192.4-29"
Miguel Brasil Ataíde;"803688553";"05.440.288.0-35"
Aline Campos Almeida;"411718199";"94.441.064.5-75"
Fernando Martins Sequeira;"317058975";"92.606.850.6-47"
Maria Julia Osti Sequeira;"397320186";"72.893.076.2-63"
Viviane Mesquita Pinhais;"271844446";"52.043.410.9-28"
Helena Francischetti Rocha;"059741192";"61.637.407.7-89"
Heloísa Aparecido Ataíde;"305018794";"53.062.150.2-97"
Thiago Rocha Sequeira;"730854680";"05.935.412.9-68"
Miguel Francischetti Queirós;"743676116";"00.543.871.5-36"
Alice Oliveira Correia;"192660967";"12.317.512.4-65"
Miguel Braga Pedreira;"302583383";"00.068.797.0-45"
Gael Pinhais Aparecido;"456542276";"19.038.166.1-34"
Maria Alice Arake Pirágine;"120984070";"89.429.969.2-07"
Karla Aparecido Brasil;"880986699";"80.702.725.9-67"
Thiago Pedreira Pirágine;"115885363";"50.859.370.6-70"
Maria Clara Calado Aparecido;"301938678";"98.497.694.7-00"
Laura Sequeira Correia;"108843863";"69.722.698.7-24"
Eugênio Ataíde Siqueira;"407196535";"34.286.313.9-49"
Maria Cecília Cardoso Queirós;"205615780";"97.381.252.8-22"
Fernando Oliveira Silva;"521809987";"72.091.917.7-67"
Gael Kubitcheck Teixeira;"107253949";"48.166.374.2-95"
Eduardo Osti Aparecido;"034188545";"35.262.984.7-37"
Lucas Palmito Aparecido;"793658515";"39.609.149.0-26"
Ronaldo Oliveira Pedreira;"822333153";"21.093.996.1-06"
Davi Azevedo Braga;"273536107";"87.544.604.0-28"
Ana Arake Magalhães;"188780141";"49.281.460.4-11"
Sophia Rocha Ataíde;"861230013";"16.342.782.9-34"
Eduardo Rocha Pinhais;"199486096";"67.313.084.9-85"
Sophia Bahiense Ribeiro;"827754117";"38.233.082.2-40"
Thiago Campos Teixeira;"392546661";"56.593.843.8-73"
Sophia Pinhais Barros;"290137743";"10.560.568.9-53"
Adriana Castro Siqueira;"568247052";"99.778.122.8-04"
José Silva Rodrigues;"392917500";"21.690.326.5-36"
Maria Francischetti Braga;"041992912";"51.718.807.2-68"
Tamires Calado Aparecido;"630810751";"21.670.561.8-94"
Mariana Queirós Queirós;"236865093";"99.928.566.5-73"
Tamires Teixeira Ribeiro;"547044367";"59.124.817.4-65"
Basílio Aparecido Azevedo;"478337389";"03.796.591.1-58"
Gael Everundo Ribeiro;"635503662";"00.608.227.9-63"
Arthur Silva Macedo;"789345534";"66.903.828.2-40"
Gabriel Aparecido Almeida;"297785660";"98.204.915.4-82"
Raquel Pirágine Costa;"627416076";"30.854.171.2-27"
Fernanda Pedreira Magalhães;"842025589";"78.160.958.1-85"
Raquel Oliveira Siqueira;"482707414";"31.306.491.5-45"
Wagner Brasil Costa;"716076440";"66.232.946.7-71"
João Miguel Ribeiro Cardoso;"691637460";"64.162.628.9-92"
Renato Matos Arake;"397577387";"13.704.915.5-47"
Fernando Calado Souza;"223611338";"75.824.686.6-11"
Davi Macedo Matos;"837030136";"20.730.992.4-33"
Gabriela Barros Barros;"083748739";"82.532.615.5-74"
Heitor Ataíde Rodrigues;"071404242";"15.685.094.1-49"
Miguel Souza Mesquita;"363907747";"34.847.070.4-47"
Bernardo Everundo Pinhais;"698802088";"17.041.393.9-14"
Tamires Palmito Matos;"488620418";"94.464.885.9-62"
Ronaldo Campos Campos;"209227315";"84.119.901.9-13"
Mariana Barros Pirágine;"495448835";"05.829.627.5-19"
Heloísa dos Santos Cardoso;"178322190";"10.839.569.0-40"
Arthur Magalhães Teixeira;"798831521";"60.921.399.5-89"
Fernanda Braga Castro;"962687112";"30.145.187.9-94"
Gael Queirós Osti;"494946409";"99.936.745.8-00"
Maria Aparecido Almeida;"176074731";"34.703.971.1-34"
Osvaldo Campos Mesquita;"102480121";"55.842.788.9-77"
Mariana Mesquita Guimarães;"754279981";"45.980.516.3-89"
João Miguel Guimarães Serra;"442717827";"34.788.331.1-18"
José Calado Correia;"893875408";"71.773.787.3-13"
Alice Palmito Magalhães;"494046768";"43.781.239.9-28"
Wagner Magalhães Siqueira;"957433669";"02.630.898.3-12"
José Guimarães Magalhães;"170403335";"35.034.818.8-32"
Ana Rocha Ataíde;"331059782";"69.615.806.0-08"
Maria Julia Osti Arake;"546765654";"84.367.957.7-54"
Eduardo Guimarães Souza;"020880465";"65.973.084.1-04"
Heloísa Azevedo Mesquita;"795834956";"66.935.501.1-84"
Thiago Magalhães Rocha;"889460721";"78.893.066.6-60"
Aline Pirágine Aparecido;"770376323";"54.601.958.7-69"
Heloísa Teixeira Mesquita;"129632151";"83.244.587.2-38"
Fernando Souza Matos;"668504088";"20.961.394.8-02"
Helena Serra Everundo;"444348827";"19.941.939.6-86"
Raquel Ataíde Macedo;"648870763";"95.323.280.1-38"
Theo Francischetti Campos;"230175002";"33.221.154.2-27"
João Miguel Matos Correia;"266741467";"76.177.584.2-63"
Heitor Aparecido Siqueira;"846006935";"33.929.733.0-92"
Thiago Pirágine Calado;"252141731";"00.832.239.0-04"
Miguel Fontes Teixeira;"948701382";"36.159.436.3-96"
Marcela Pirágine Everundo;"017566351";"89.854.911.3-74"
José Costa Magalhães;"362011968";"78.449.589.0-62"
Heloísa Bahiense Correia;"624235464";"27.949.085.7-31"
Gabriela Queirós Braga;"261297709";"15.886.746.4-82"
Theo Brasil Queirós;"294377352";"94.414.294.0-09"
Eduardo Brasil Fontes;"207051146";"68.235.340.2-10"
Lucas Correia Azevedo;"650633892";"46.158.079.2-95"
Gabriel Brasil Fontes;"437780522";"21.860.923.0-69"
Samuel Rocha Everundo;"332387353";"43.020.891.0-25"
Tamires Costa Azevedo;"971641430";"72.794.974.6-42"
Miguel Pirágine Francischetti;"603764375";"79.278.364.4-58"
Maria Cecília Matos Queirós;"093675862";"54.524.934.1-07"
Miguel Magalhães Francischetti;"645607306";"77.241.898.6-15"
Marcelo Francischetti Ribeiro;"601940672";"93.068.785.3-30"
Marcela Correia Campos;"373344720";"42.664.054.7-06"
Davi Guimarães Guimarães;"912259353";"44.251.910.9-75"
José Campos Serra;"104867271";"68.250.797.2-94"
Helena Ribeiro Campos;"778087456";"64.294.192.5-66"
Heloísa Serra Cardoso;"944286007";"29.684.778.7-54"
Maria Alice Aparecido Siqueira;"341642118";"90.977.906.9-15"
Gabriel Calado Bahiense;"380442107";"55.318.637.1-35"
Theo Castro Azevedo;"303076233";"20.530.905.4-01"
Marcelo Braga Macedo;"394707879";"29.527.152.4-60"
Davi dos Santos Bahiense;"722804192";"57.954.639.2-59"
Maria Clara Bahiense Palmito;"549288619";"72.342.017.8-82"
Adriana Fontes Osti;"886079950";"01.720.209.5-44"
Guilherme Barros Arake;"971084371";"32.017.549.4-28"
Guilherme Calado Costa;"992124003";"57.058.911.8-48"
Heitor Francischetti Macedo;"129871262";"88.838.140.5-14"
Gabriel Costa Queirós;"434997438";"18.903.792.5-66"
